job_id,title,location,department,salary_range,company_profile,description,requirements,benefits,telecommuting,has_company_logo,has_questions,employment_type,required_experience,required_education,industry,function,fraudulent
17655,Optical Sales,"US, MN, Rosemount",,,,"Long term, well established optometric practice is seeking a full-time Optical Sales for our Rosemount, Minnesota location. Are you openly friendly and energetic? Are you comfortable talking with &amp; starting conversations with people?Do you smile easily and are you highly motivated with a strong commitment to customer service?Are you looking for a long-term position with a family oriented environment?To apply for this position, please submit your application via this link: #URL_dc6a4e8df8c88cf7bb611c27fadf835b2ea6d40cec837463b39bb6ba9bca8852#?i=MTkz and select the Optical Sales (Rosemount, Minnesota) position from the Job Opening drop-down menu.","The ideal candidate will:Have a broad knowledge of fashion frame lines and lensesHave some experience with VSP, Davis or EyeMedHave knowledge of prescriptionsHave strong selling and communication skillsIf this sounds like you, then apply now!",,0,0,0,Full-time,,,"Health, Wellness and Fitness",Sales,1
12239,Junior Sales Representative,"CA, BC, Vancouver",Sales,,"Company Website: #URL_b0bc289d014ce1647b7dbe8ffe0e121d1f3ded55cbf9e3c20987b3cf1f8d3b5d#Advisor Websites has been a player in the financial services industry since 2002, building crisp, professional, and compliant websites exclusively for members of the financial services industry all across North America through a SAAS business model. Our head office is located on the beautiful West Coast of Canada in Vancouver, British Columbia.We offer an amazing culture and work environment for those who seek to learn, grow and are top achievers.","This is a junior sales position for a hunter with a can-do attitude, who will no take no for answer, and who is hungry to close some deals!!You will bring excellent telephone sales and communications skills, and will identify and connect with new prospects with a particular focus on the Financial Services #URL_e28dc175133e9090051586bd4faf59de5475fa6a2bb9ed54ca9f423aa23fb412# will also develop phone-based revenue generation through the creation of sales leads, initiation of prospect calls, and establishment of ongoing rapport with existing and potential customers.Responsibilities include:Prospecting for new leads (including cold calling)Responding to sales inquiriesClosing new business consistently at or above quota levelPerforming product demosProcessing, entering &amp; maintaining all sales information in our CRMReporting on daily, weekly, and monthly sales performance and consistently achieve targets.Building knowledge about Advisor Websites’ products and services to effectively respond to questions/inquiries, stay attuned to best practice techniques and current product/service offerings.","What we are looking for:Goal oriented (can demonstrate when set goals and achieved them)Resourceful personality (will not take no for an answer)Exceptional closing skills (we are looking for over achievers)Excellent ability to communicate to internal and external customers (verbal &amp; written)Powerful work ethicGood attention to detail and accuracyLots of energy, passion, and enthusiasmQualifications:Minimum 2+ years’ experience in a sales role (account coordinator, sales representative, account management), ideally within a technology/software company (SaaS)Some good understand of web technology and digital marketingProven ability to exceed sales quota and targets","Company Website: #URL_b0bc289d014ce1647b7dbe8ffe0e121d1f3ded55cbf9e3c20987b3cf1f8d3b5d#Advisor Websites has been a player in the financial services industry since 2002, building crisp, professional, and compliant websites exclusively for members of the financial services industry all across North America through a SAAS business model. Our head office is located on the beautiful West Coast of Canada in Vancouver, British Columbia.We offer an amazing culture and work environment for those who seek to learn, grow and are top achievers.",0,1,1,Full-time,Entry level,High School or equivalent,Computer Software,Sales,0
17011,Account Executive,"US, OH, Columbus",,,"Network Closing Services has been serving Lenders, Real Estate Consumers, and Professionals since 1999.  We provide courteous professional services, speedy title searches, and timely disbursements.  Dynamic flexibility is key to our success.  Your satisfaction, as our client, is important.  We are here to assist you and ensure a efficient, cohesive transaction.  Our experienced settlement officers and attorneys will travel anywhere in the country, day or night, to perform a closing. Our staff is committed to providing our customers a level of service that is unparalleled in the title industry.  Today's competitive market requires more than dedication and experience. It requires proven expertise, irrepressible vision and tightly orchestrated teamwork. Network Closing Services incorporates these essential qualities into every facet of every service we offer. We successfully deliver innovative, high-volume, regional closing services.  For resume review, email to #EMAIL_bbbab0052922a3a922939af2180ff4d9f034ba04634bd573870818da62a0d151# or call Office: #PHONE_113b1bd5d3e5e087c3480c458e2ef299fd3a272612224463899e65ab2fe73995# x7141 Cell: #PHONE_c3853c0e034b798989b048d3a55a28d03177bfde5db40af1c435f6fa5a867868#","Network Closing Services, Inc., a full service Title Company is seeking an established Sales Representative with a Title Insurance Book of Business.  We are continuing our nationwide expansion.  Come join a winning team!Network Closing Services has been serving Lenders, Real Estate Consumers, and Professionals since 1999.  We provide courteous professional services, speedy title searches, and timely disbursements.  Dynamic flexibility is key to our success.  Our Client satisfaction is very important.  We provide experienced settlement officers and attorneys anywhere in the country, day or night, to perform a closing. Our staff is committed to providing our customers a level of service that is unparalleled in the title industry.  Today's competitive market requires more than dedication and experience. It requires proven expertise, irrepressible vision and tightly orchestrated teamwork. Network Closing Services incorporates these essential qualities into every facet of every service we offer. We successfully deliver innovative, high-volume, regional closing services. Duties: As a sales representative you will be responsible for generating revenue from your existing clients and identifying new clients who can direct title business to Network Closing Services.  Promote our title and closing services to generate leads and referrals.  Develop sales and marketing plan targeting key Realtor, Lender and Builder accounts.  Assist clients with questions, act as liaison between company and client as needed.  Candidate will meet weekly and monthly sales goals set by management.  Candidate will provide reports of sales activity.  Growth opportunityEmmanuel Sanchez#PHONE_dc5cff94cbcc4ac18e1234a2e6521946ae7d722bdf66cfc1af3aeca9255aee0d##URL_1bdaa45fd1ec77ea7879abfceafd610ca4fa9b4eb30eb6fa5f39b9ffac8a8c5a#                                            *Seeking candidates in Ohio and Nationwide ","**Experienced candiates only**A successful candidate will have an existing Realtor, Broker, Lender Book of Business and proven track record of meeting and exceeding sales goals.Must have experience in maintaining and developing long term relationships with key decision makers.Must have excellent communication skills with ability to be assertive and to persuade. Must present oneself and company in a professional manner at all times.Frequently assess progress and adjust techniques as the market dictates.Ability to travel at least 50% of the time.Ability to close a transaction a plus.Licensed Title Agent preferred.","We provide a fun and rewarding atmosphere, our employees are supported at all levels to achieve a common goal.  We also have the traditional benefits including:Vacation PaySick PayHoliday Pay401k PlanHealth, Dental, and Vision Insurance",0,1,1,Full-time,Mid-Senior level,High School or equivalent,Real Estate,,0
13412,PHP Web Application Developer,"CA, ON, Toronto",,,,"We are not going to bore you with a long job ad so we will get to the point. We are looking for a 70% backend and 30% frontend web application developer to join our team. We are agile and work with cutting edge technology and best practices. We want someone who can ship products but also love to tweak and optimize his/her codes. If you have leadership skills, that is a huge plus as we also have a vacant Dev lead position. Our motto is “There is always a way, and there is always a better way.” ","1. Experienced in the entire process of software development 2. Understand Agile 3. Love to write tests (functional, unit, acceptance) 4. Love to tweak and optimize 5. Up-to-date with latest web application technology and best practices 6. Solid understanding of various database technology (MySQL, MongoDB, Redis, Memcache) 7. Solid understanding of PHP (Laravel framework), Javascript, AngularJS, NodeJS, C++ 8. Practice source code control using Git 9. 4+ year in web application development (customizing WordPress doesn’t count) 10. Mobile Experience is a huge plus 11. Basic understanding of Unix CLI 12. Open Source contribution is a huge plus How to apply: Please submit your resume and the answers to the following questions: 1. Why do you think you are a great web application developer? 2. Describe a situation in your work-life where you failed. 3. Describe a time when you accomplished something you thought was impossible. (Can be work-related or personal) ",,0,0,0,Full-time,Mid-Senior level,,Information Technology and Services,Information Technology,0
11760,Project Engineer,"US, CA, Bakersfield",Engineering,,"                                                                                 Staffing &amp; Recruiting done right for the Oil &amp; Energy Industry!Represented candidates are automatically granted the following perks: Expert negotiations on your behalf, maximizing your compensation package and implimenting ongoing increases Significant signing bonus by Refined Resources (in addition to any potential signing bonuses our client companies offer)1 Year access to AnyPerk: significant corporate discounts on cell phones, event tickets, house cleaning and everything inbetween.  You'll save thousands on daily expenditures Professional Relocation Services for out of town candidates* All candidates are encouraged to participate in our Referral Bonus Program ranging anywhere from $500 - $1,000 for all successfully hired candidates... referred directly to the Refined Resources teamPlease submit referrals via online Referral FormThank you and we look forward to working with you soon!  [ Click to enlarge Image ]","JOB DESCRIPTION: PROJECT ENGINEERDesign and install minor and major capital projects. Prepare specifications, drawings, bid packages, quotation analysis and other applicable documents for purchase, construction, and repair of refinery facilities. Supervise the activities of contract engineering and construction personnel.Lead projects from the feasibility phase through design, construction, startup, and close out phases. The Project Engineer will be responsible for completing the projects on time, within the budget, and adherence to the design specifications.Provide timely and accurate engineering designs. Apply good safety and environmental practices in all engineering recommendationsB.S. in Mechanical Engineering required with 3 to 10 years experience in Refining or Petrochemical sectors. Excellent wage/benefit package available.",B.S. in Mechanical Engineering required with 3 to 10 years experience in Refining or Petrochemical sectors. ,Excellent wage/benefit package available.,0,1,0,Full-time,Mid-Senior level,Bachelor's Degree,Oil & Energy,Engineering,1
11273,Campaign Manager,"US, CA, El Segundo",Product Development,,"ConsumerTrack is a technology-centric internet marketing company built on a culture of excellence. We are the preferred digital advertiser for premium financial brands such as American Express, Discover, Allstate and Equifax. Through our 1600+ websites, we set the vision and the strategy for our clients to reach and connect with their target audience.At ConsumerTrack, we pride ourselves in having a team that exudes leadership, high initiative, creativity, and passion. By joining our team, you will have the opportunity to maximize your job performance and satisfaction with a company that is constantly growing.We are committed to recruit, retain, and promote employees with a diversity of backgrounds and life experiences. We believe such diversity fosters growth and innovation, ensuring we remain an industry leader.We’re currently looking for energetic, driven and entrepreneurial trendsetters for all areas of the #URL_2a5cb7925ac0d5929dbe762cfc72b186318a2597921e82d05639bbb5978f8089# you’re looking to advance your career and become a part of our team, we invite you to apply for our open positions.","Recognized as one of the fastest growing digital advertising companies, ConsumerTrack has been in the forefront of performance-based marketing since our founding in 2004. Led by a team of Internet advertising veterans and engineers, ConsumerTrack has served thousands of advertisement campaigns on our GoMedia Platform. We achieved this growth by enabling clients and agencies to execute ad campaigns across our 1600 web properties.We cultivate partnerships with elite Fortune 1000 financial corporations to improve the way people connect to the variety of financial products they use every day. Our long list of clients include key players such as American Express, Discover, Comerica, Allstate and Equifax, as well as premiere national advertising agencies  such as Starcom, Digitas, Mediavest, and Rosetta.We are looking for a Campaign Manager to be the focal point for all campaign optimizations and communication between sales, media, product, clients, and publishers for any campaign our business is running. The Campaign Manager will lead all monetization of our GoMedia Platform, impacting our company’s bottom line by providing end-to-end campaign management.How you will be advancing your career:Become a Double Click Ad management subject matter expert and lead a companywide training initiative on functionalities and best practicesRecommend new approaches and provide guidance on customer acquisition and campaign design based on metricsAnalyze, optimize and execute new client launch process to increase ROIRevamp existing campaigns to maximize conversion ratesUses statistical analysis to support ongoing programs and marketing initiatives to increase performance of campaignsProvide tactical recommendations to improve campaign planning and designAnalyze and report campaign performance metrics to business units and clients","You have a Bachelor’s degree complemented with 2-3 years of experience in campaign management (DoubleClick-DFP/DFA)You’re a do-er and trouble-shooter. You approach all challenges with a solution-oriented mind-set.  You can multi-task and prioritize effectively. You are proactive, work well independently and under pressure.You geek out on analytics, love identifying trends, and can leverage Excel to do it efficiently and accurately.You enjoy working with lots of people and are an excellent communicator.You’re a quick learner and value seeing a project through from start to finish.You thrive in an ever-changing, fast-paced environment and constantly thrive to master your craft.You want to have a stake in the company and be a real owner in ConsumerTrack’s future.","• Competitive salary and excellent growth opportunity • We invest in you! • Excellent medical, dental and vision plans • Paid vacation, holidays, and sick days • 401k- We contribute 3% of employee’s salary! • Free Gym Membership for elite Spectrum Clubs • Monthly complimentary catered breakfast/lunches • Monthly employee outings (ex. Bowling, Paintball, Bonfire, etc.)Do companies like this really exist? Yes – Check us out on Facebook! #URL_395676d9f20f6d0de59bc7456bd2ddfdf53db0013edfdfeb455c2df66eeed0c4#We are an equal opportunity employer and all qualified applicants will receive consideration for employment without regard to race, color, religion, sex, national origin, disability status, protected veteran status, or any other characteristic protected by law.",0,1,1,,,,,,0
6148,Solutions Architect,"US, CA, Manhattan Beach",Consulting,,"The Boston Consulting Group (#URL_45423e1e16703aa4d8ee444d3ad69bb51525f1dad0b3115713cf80dc496299e2#) has launched a new digital business, BCG Digital Ventures (#URL_4968ff917b2cf554a3e92b004e0c92d03e4c10730070a0df7e84f0d3db806e53#) - a digital innovation, product development, and commercialization firm.  This first-of-its-kind firm will bring unique capabilities to create and grow disruptive digital products and platforms.  BCG Digital Ventures goes beyond providing consulting, design, and technology services to form strategic venture teams with its clients in order to rapidly develop, launch and grow transformational digital products, platforms and businesses.The Boston Consulting Group (BCG) is a global management consulting firm and the world's leading advisor on business strategy.  BCG partners with clients from the private, public and not-for-profit sectors in all regions to identify their highest-value opportunities, address their most critical challenges, and transform their enterprises.BCG was founded in 1963 and is a privately owned firm with more than 7,000 employees across 81 offices in 45 countries.  Integrity, respect for the individual, delivering value, and making an impact on society are just some of BCG's core values. BCG's commitment to both their clients' success and their own standards is what sets BCG apart as a world-class professional services organization.","THE COMPANY: BCG Digital Ventures (#URL_4968ff917b2cf554a3e92b004e0c92d03e4c10730070a0df7e84f0d3db806e53#) The Boston Consulting Group (#URL_45423e1e16703aa4d8ee444d3ad69bb51525f1dad0b3115713cf80dc496299e2#) has launched a new digital business, BCG Digital Ventures (#URL_4968ff917b2cf554a3e92b004e0c92d03e4c10730070a0df7e84f0d3db806e53#) - a digital innovation, product development, and commercialization firm.  This first-of-its-kind firm will bring unique capabilities to create and grow disruptive digital products and platforms.  BCG Digital Ventures goes beyond providing consulting, design, and technology services to form strategic venture teams with its clients in order to rapidly develop, launch and grow transformational digital products, platforms and businesses.The Boston Consulting Group (BCG) is a global management consulting firm and the world's leading advisor on business strategy.  BCG partners with clients from the private, public and not-for-profit sectors in all regions to identify their highest-value opportunities, address their most critical challenges, and transform their enterprises. BCG was founded in 1963 and is a privately owned firm with more than 7,000 employees across 81 offices in 45 countries.  Integrity, respect for the individual, delivering value, and making an impact on society are just some of BCG's core values. BCG's commitment to both their clients' success and their own standards is what sets BCG apart as a worldclass professional services organization. THE OPPORTUNITY: SOLUTIONS ARCHITECTBCG is looking for an exemplary Digital / IT Solution Architect to help drive the rapid growth of BCG's new digital business, BCG Digital Ventures. Our purpose is to help companies imagine, bring-to-life and launch digital businesses and solutions that have transformative customer impact. To do this, we’ve assembled a group of world-class business / strategy, product design, and technology professionals with deep knowledge and experience in digital businesses and solutions – from mobile applications and ecommerce, to new and emerging digital solutions yet to be realized.Specifically… Be a thought leader in digital platforms and solution architecture, regardless of the screen, device or deployment environment.Design bespoke online and mobile IT architecture, drawing on knowledge of open source and/or commercially available platformsApply industry best practices and design patterns to design scalable, secure solutions that have superior technical performanceDevelop system implementation plans and processes and oversee development, integration, testing and launch of new digital products and solutionsShape and drive implementation of key processes related to digital businessesEngage and in some cases lead rich collaborative problem solving with other domain experts, which include business strategists, information architects, UX / UI designers, developers and industrial / product designersDrive the evaluation of third party suppliers/products and solutionsDesign and establish an accredited 3rd party supplier network of IT / digital delivery partners who can be subcontracted to support large client engagementsHelp hire, develop, and lead a team of system analysts to become solution architects","EDUCATION: Bachelors or Masters Degree (s) in a related field of study (e.g. Comp. Sci.)EXPERIENCE: 5-10+ years of experience in solution / enterprise architecture, preferably within top tier consulting and industry settingsWorking knowledge of online, cloud and mobile platforms, (e.g., Windows Azure, Google App Engine, Amazon Cloud, OS X, Android)Deep experience of driving analysis of how business requirements can be technically implementedExperience with large or complex system integration projectsExperience with IT architecture in retail, media and/or telecommunications industries a plusDeep experience of how business requirements can be technically implementedPossess a passion for digital products and servicesStrong track record of dealing with complex bespoke solutions that require creative and complex investigation and evaluation of alternative architectural solutionsStrong track record of being recognized as a true team leader and mentorStrong written, verbal and interpersonal communication skills.Self-motivated, takes initiative, possesses creative problem-solving skills and willingness to offer suggestions for improvement; able to build effective relationships to leverage resourcesProven diligence, attention to detail and technical intuition.Service-oriented, flexible, positive team player, capable of interacting and problem solving with a multidisciplinary team.An organized and composed professional, able to handle competing priorities and work effectively in a challenging fast paced environment.Exercises judgment in managing confidential / sensitive information; trustworthy, ethical and possesses the highest levels of character and values. Must be able to thrive in a fast-paced, intellectually intense, service-oriented environment and to interpret rules and guidelines flexibly to enhance the business and in keeping with BCG’s values and cultureProven Experience working successfully within a complex matrix structured organization is essentialIt is necessary to have the ability to understand and manage complex reporting relationships and incorporate multiple labor laws and cultures. ",Why BCG?Is BCG for me?Career GrowthWorking at BCGMeet BCGersFAQ“Top 5 Fortune’s Best Companies to Work for”96% of the staff is proud to be part of BCG92% of alumni recommend BCG as place to workBCG works with 2/3 of Fortune 500 Companies,0,1,0,Full-time,Mid-Senior level,Bachelor's Degree,Computer Software,Consulting,0
749,Mirfield Warehousing Apprenticeship Under NAS 16-18 Year Olds Only ,"GB, , Mirfield",,,"Established on the principles that full time education is not for everyone Spectrum Learning is made up of a team of passionate consultants with the drive for putting people who wish to grow themselves through education whilst working into long term and relevant job roles.We also are official re-sellers for The Institute of Recruiters/ Study Course professional courses in HR Practice, In-House Recruitment and Agency RecruitmentIt is our mission to help anyone wishing to pursue an apprenticeship onto the right qualification and into the right job.We work closely with both the candidate and the employer to ensure when the learner is enrolled they are at the start of a long and successful career.We have great relationships with a number of national training providers to ensure we can cover any apprenticeship available.  ", Government funding is only available for 16-18 year olds only.Perfect role for school leavers.This is a fantastic opportunity for those looking to start their career in Warehousing. During the first 12 months you will work towards a Level 2 Warehousing NVQ and then be kept on in a permanent position.You will be working for a silicone hoses manufacturing company and the role will involve:-Picking and packing-Despatching orders-Taking calls from internal staff and customersIdeal candidates will be able to work in a team and will have good timekeeping skills.If you are motivated and career minded please apply now.,16-18 year olds only due to government funding.Full time availability.,Career prospects.,0,1,1,Full-time,Not Applicable,High School or equivalent,Warehousing,,0
6159,Senior UX Consultant,,,,"WHO WE AREIn2media has ever since the early start in 1994 grown into being a full service digital agency. Following the evolution of the net we’ve created different, groundbreaking and challenging digital solutions. And we still do. To be curious and visionary is in our nature. That’s why efficient, experience-based digital communication is our trademark.WHAT WE DOIn2media produces campaigns, corporate sites, brand channels, rich media sites, applications, and transaction sites. The aim of our solutions is to strengthen the relations between clients and users. That’s why we insist on having insights and understanding for the need of both clients and users. When this is accomplished, strategy, concept, content, technology and process all come together in a unified form.HOW WE DO ITThe E3-principal is the core in our approach to any assignment. All three E’s must be fulfilled for a solution to be classified as completed:ENRICH – to enrich and be enrichedWhen the client and we enrich each other it enriches the solution and the experience provided for the usersEXCITE – to excite and be excitedWhen we’re excited by a project, we’ll deliver a unique solution that will excite both client and usersEMPOWER – to empower and be empowered With the confidence of our clients we’re empowered to create solutions that empower users and clients in new exciting ways","Please apply for the position as Senior UX Consultant at In2media by clicking the ""Apply for this job""-button below.We are looking forward to receiving your application.In2media",,,0,1,0,,,,,,0
4184,CUSTOMER SERVICES REP( FULL TIME POSITION),"US, TX, AUSTIN",CSR CENTER,35000-40000,"Our globally connected world has forced businesses to rethink how they communicate. Mobile lifestyles, a flood of technology, economic pressures and an “always on” mentality have created both opportunity and challenges for organizations of all sizes. Mitel® (NASDAQ: MITL) (TSX: MNW) is a global leader in business communications that easily connect employees, partners and customers -- anywhere, anytime and over any device, for the smallest business to the largest enterprise. Mitel offers customers maximum choice with one of the industry’s broadest portfolios and the best path to the cloud. With more than US$1 billion in combined annual revenue, 60 million customers worldwide, and #1 market share in Western Europe, Mitel is a clear market leader in business communications.","DescriptionDUTIES INCLUDE BUT ARE NOT LIMITED TO:Perform all components of call processing, and adheres to Call Audit Tool.Reviews calls with Manager to meet Call Audit requirements.Performs accurate data entry at time of call.Communicates appropriately and clearly to departmental management, co-workers and callers.Treat callers with respect and dignity; ensures confidentiality of each person's data.Speak with a pleasant, professional telephone voice.Responsible for reviewing productivity stats/information as communicated by your Manager.Ensures that performance standards for hold time are met.  (less than 2 minutes on average).Ensures that performance standards for abandonment rate are met.  (less than 5% of total calls received).Ensures that performance standards for hold time are met.  (less than 2 minutes on average)Responsible for knowing addresses, telephone numbers, hospital services and classes offered.Document all inquires for statistical purposes.Maintain confidentiality of all interactions.Document call tracking information.Keep self and telephone available for calls unless otherwise assigned.Accurately and completely registers callers for classes.Able to discuss with callers the hospital services, directions, etc.Ensure that call documentation meets current standards and policies.Performs other specific duties as assigned by Manager (examples include sending rosters, processing daily mail - both incoming and outgoing, calling registrants with changes, updates and cancellations, etc.)Demonstrates knowledge of eCentaurus  which enables CSR to assist callers as quickly as possible.Practice and adhere to the ""Code of Conduct"" philosophy and ""Mission and Value Statement""Other duties as assigned.","Communication - communicates clearly and concisely, verbally and in writingCustomer orientation - establishes and maintains long-term customer relationships, building trust and respect by consistently meeting and exceeding expectationsInterpersonal skills - able to work effectively with other employees, patients and external partiesPC skills - demonstrates proficiency in PC applications as requiredPolicies &amp; Procedures - demonstrates knowledge and understanding of organizational policies, procedures and systemsBasic skills  - able to perform basic mathematical calculations, balance and reconcile figures, punctuate properly, spell correctly and transcribe accurately","Competitive compensation package, benefits and exciting advancement opportunities with this industry leader.Salary Between $30,000-$45,000Position  Type : Full-Time  Position",0,1,1,Full-time,Entry level,High School or equivalent,Telecommunications,Customer Service,1
6565, Accounting Clerk ,"US, TX, AUSTIN",ACCT,28000-32000,"As the industry’s largest supply contracting company, Novation serves the purchasing needs of more than 65,000 VHA, UHC and Provista member organizations and their affilliates. Novation delivers unmatched supply savings and value through its sourcing services, as well as information and data services. Through its affiliation with VHA, UHC and Provista, Novation represents the largest purchasing volume in the industry more than $40 billion in annual purchases.To help our alliance members meet the needs of their communities, our mission is to deliver to them unmatched savings and value. One of the ways we deliver on our mission is by facilitating the introduction of products and services that are designed to help members drive sustainable results, improve quality and reduce costs.","Job DescriptionVerify, obtain approvals and pay invoices; bill and collect outstanding revenue in a timely, accurate manner in accordance with accounting policies and procedures.Potential Career PathStaff Accountant – Regional Accountant – ControllerEssential Job FunctionsPrepare cash discrepancy reports.Retrieve and process deposits in accordance with hotel standards.Maintain house bank and conduct transactions according to established processes and policies.Issue and redeem cashier banks and conduct audits as needed.Process petty cash receipts and reimbursements.Assist with credit-related activities, including processing of credit applications.Provide customers with accurate and timely invoices, statements, and schedules.Maintain an efficient collection process to include an organized filing and tracing system.Monitor guest ledger, advance deposit ledger and any other related ledgers to ensure proper internal control.Be aware of guest satisfaction scores and work toward increasing departmental and overall guest satisfaction.Follow sustainability guidelines and practices related to HHM’s EarthView program.Practice safe work habits to ensure safety.Perform other duties as requested by management.",High School diploma requiredProficient in using Excel.,"401K, HEALTHCARE PALNS AND MORE",0,1,1,Full-time,Associate,High School or equivalent,Accounting,Customer Service,1
998,EXECUTIVE SOUS CHEF,"MY, , ",,55000-65000,Le Meridien is situated in the heart of kuala lumpur's tourist centre. We provide and exciting and entertaining experience for people who are looking for a fresh and exotic challenge. Our restaurants offer one of the best cuisine made by wonderful and passion filled individuals. Come and experience true luxury with us and be changed forever.,"Responsible for assisting in the direction and administration of the planning, preparation, production and control of all culinary operations in the hotels continuing effort to deliver outstanding guest service and financial profitability.As Executive Sous Chef, you would be responsible for assisting in the direction and administration of the planning, preparation, production and control of all culinary operations in the hotel's continuing effort to deliver outstanding guest service and financial profitability. Specifically, you would be responsible for performing the following tasks to the highest standards:Assist the Executive Chef in the direction and oversight of all culinary operations, to include, but not limited to, preparation and production of all hotel meals, food quality and presentation, compliance with all safety and sanitation standards and regulation, team member productivity and performance, implementation of policies and procedures, cost controls and overall profitabilityAssist the Executive Chef by interacting with guests and clients to monitor and assess satisfaction trends, evaluate and address issues and make improvements accordinglyAssist the Executive Chef in creating and implementing menu selections for special banquet themes and events based on current food trends and regional tastes in partnership with the Executive Chef and Director of Food and Beverage, as neededEnsure compliance with federal, state, local and company health, safety, sanitation and alcohol awareness standardsMonitor and develop team member performance to include, but not limited to, providing supervision, conducting counseling and assisting with evaluations, training, scheduling and assigning work and delivering recognition and reward",,,0,1,0,Contract,Executive,,Hospitality,,1
10321,Marketing Director,,,,Massive Media is the social media company behind the successful digital brands #URL_18234f381f5e7b9a9ffdc727cd05c9046edffb45bce85533c8f9b6d0216e925e# and #URL_af2b2f34d003dd6238fb60ec002a2f9df551ec9f8c6df8c980fc4fd8d24cc707#. In November 2013 Massive Media bought and relaunched the social discovery platform Stepout. We enable members to meet nearby people instantly. Over 100 million people have joined our sites on web and mobile.,"We are looking for the right person to set up our London-based marketing team. Answer these questions to see if you are the one:Do you feel that you know what other people mean before they finish speaking? You surely will be able to understand our members!    Are you ready to position the #URL_af2b2f34d003dd6238fb60ec002a2f9df551ec9f8c6df8c980fc4fd8d24cc707# brand on the international arena?    Increasing brand awareness gives you a thrill?    Communication and Public Relations are your true hobby?    Do you feel that you know how to the increase traffic and revenue of #URL_af2b2f34d003dd6238fb60ec002a2f9df551ec9f8c6df8c980fc4fd8d24cc707#?    Can you make this happen, with your 2 direct reports?    Creating, executing and following up a Marketing Plan is a piece of cake for you? If you answered yes to all, we probably won't believe you. But please come and convince us!",,,0,1,1,,,,,,0
17717,Sales associate Home Security,"US, IL, chicago",sales,35000-75000,,"Sales (inside/outside)Data compilation of prospective sales leads. These leads usually come from various sources that we provide and those such as business directories, prospecting, and web sites to name a few. Sales persons typically travel regularly throughout their assigned territories to call on prospects and their accounts or work in a telemarketing role in inside sales.Through the use of displays and product samples the sales person focuses on the marketable aspect of the home security and telecommunications industry. They provide quotes, give the client the terms of credit and make installation preparation. Often times they work with the inside sales team and telemarketing group to make sure that account activities, and customer service related details are being taken care of. They help coordinate customer training, and the entry of customer data into the client relationship database.Applicant will assist in generating sales of products and data.Applicants should be aware of the booming home security industry and be willing to help protect our potential clients with our services as well as be timely and punctual for daily meeting and training.",prior sales exp with:CableInternetHome Security,profit sharingbonus,0,0,1,Contract,Associate,High School or equivalent,Marketing and Advertising,Sales,1
17778,Hiring Part-Time Workers (CASH PAYING),"US, CA, Los Angeles",,,,"Hiring Part-Time Workers (CASH PAYING)You can do it all from home, in your free time, at your own place.Spend 30 minutes or 1 hours a day &amp; Get biggest cash.You can work in the morning, afternoon, or at night.Perfect for everyone then start immediately.Can earn $400 to $450 extra per day.No any experience required.Zero start-up fee, Visit here:-#URL_7ebe37f71633be1b80547d6f213cb0075a63b6ced35281bfa5c067b5c685f04c#-rg.info",No any experience #URL_5a85681305d45d339fe029922fee6c08b4d9cd37e7636890b644d90489b4093a# any experience required.,,0,0,0,Part-time,,,,,1
17537,Data Entry,"US, MD, BALTIMORE",,,,"A medical company is seeking a Data Entry/Office Admin person. This is a full time position  Job Description: • Data Entry of invoices • Assist in Billing and Receivables • Perform a combination of clerical tasks to support office • Office filing • Answering phone calls • Create and maintain a/p, customers and contractors files • Respond to e-mails, phone and inquiries • Other duties upon request Requirements: • Microsoft Office experiences a Must! (Outlook, Word, Excel) • QuickBooks knowledge a Must! • Advanced computer experience -- a plus • Demonstrate a strong attention to detail • Good Oral and Written communication skills • Ability to work in a fast paced environment • Ability to work in a Team environment • Must be punctual and reliablethe job pays $25/hr",,,0,0,0,Full-time,Entry level,Unspecified,Medical Devices,Administrative,1
5838,Customer Support Star,"NZ, N, Wellington",,,"Mobi2Go is an integrated online and mobile food ordering platform providing unique customer ordering solutions for the hospitality industry and facilitates millions of dollars a month in revenue for clients around the world and had processed over 2.5 million orders for the clients such of HELL Pizza, Habitual Fix and The Pita Pit and Burger Wisconsin. #URL_0276cb03b5d88c4139592252f3f622d9d90472729d3e227316d58d04754842da#The EnvironmentWe want you to be at the top of your game. You can wear whatever clothing you like, start work late in the morning, take breaks whenever you want and generally work the way you want to work. Who we're looking forMobi2Go is looking for people to push the boundaries. We are a hard working professional team punching above our weight on the global stage, and we are looking for people who thrive in a collaborative open environment. We want passionate, hard working, talented individuals that want to lead in their field.","Do you have the knack for solving problems? Do you live your life online? Can you translate technical jargon into easy to understand language?How would you like to be part of a fast growing tech startup delivering innovative solutions to the hospitality industry globally?Mobi2Go is a web product offering online and mobile ordering to restaurants and cafes. Chances are you've already used Mobi2Go. Our customers include some of New Zealand's biggest brands including HELL Pizza, The Pita Pit, Habitual Fix and Burger Wisconsin. Our customer base is growing rapidly and we need to give our users the best technical support possible.That's why we need you!We are no ordinary company, so we're not looking for the ordinary candidate. Technical, web, hospitality, help desk or customer service experience are all valuable. Some exposure to HTML and CSS is desired, but, not required. Above all, we want to see a passion for web technology, a desire to learn, a sense of humour, and above all, an empathy for the needs and challenges of our customers.","Skills that may come in handy:Good grasp of Google Apps (Gmail, docs)Good written EnglishKnow your way round a spreadsheetWeb content creation experienceExperience in hospitalityKnowledge of HTML / CSS",,0,1,1,Full-time,,,,,0
4020,Director of Marketing,"US, GA, Atlanta",Marketing,,"If you’re looking to start a career at a fast-paced, innovative company with tons of opportunity, then look no further than eCommHub. We are one of the fastest growing companies in Atlanta and are always looking for motivated and talented individuals to join our team.We are a venture-backed company including $3MM in investment from top-tier investors like Sig Mosley, Sigma Prime, and UPS. We are located in the heart of midtown Atlanta, with our office being in prime walking distance (don't worry, we have parking!) to many local venues, bars, and eateries (we're near the Fox Theatre and Georgia Tech).Working at an early-stage company like eCommHub as we go through our growth phase is a rare opportuntity that not many people get to experience in their careers. You will get exposure to the different areas of the busineses from sales, support, engineering, marketing, and more. We strongly believe in each person having ownership of their area and integrity is the backbone of our culture. If there's one thing we can guarantee, it's that you will not find a better learning experience anywhere else (and it will be the ride of your life).If that's not enough, check out our excessive benefits:Competitive salary WITH stock option packagesHealthcare coverage and insurance options (health, vision, AND dental)Short-term and Long-term Disability Premiums (not every company does this)401(k) programAn allowance for gear you need to be productive (e.g. MacBook Pro, huge monitor)Catered lunches once a weekPaid vacation and flexible working hoursGym membership allowanceCompany sponsored tech talks and happy hoursOpportunity to meet the best advisors and mentors in the industry","Proven success in a marketing leadership role of a web-based business.  Such experience would include a demonstrated ability to develop, launch and track successful campaigns that drive lead generation and product awareness.Previous marketing experience with cloud-based, ecommerce and/or software as a service (SAAS) businesses is preferred.Ability to work with sales teams to create and constantly refine engaging sales pitches, collateral and product demos to accelerate revenue growth is a must.Expertise in SEO/SEM and digital marketing (e.g. social media, A/B testing, landing page optimization, etc) strategies is a must.Experience with widely-used CRM systems (e.g. #URL_8d92932a488fb7e172d73a0f6813d06d464f1f03705d2825f86b2c7947d60a86#, Sugar, etc.) and marketing automation tools (e.g. HubSpot, Pardot, Marketo, etc) is preferredThe desired individual will excel at presenting the Company’s value proposition in a compelling and easy to understand manner.  Ability to analyze competition and continually refine the Company’s positioning to outpace competitors is desired.Individual must be highly data-driven, with experience engineering campaigns in a way that effectiveness can be tracked, measured, and compared against key metrics.Proven track record of developing and managing all externally facing content on the Company’s website that drives demand generation and traffic is critical.  Demonstrated ability to design strategies to maximize conversion of website visitors to paying customers is highly desired. The ideal candidate will be a high-energy, driven, charismatic individual with a proven ability to succeed as part of a senior leadership team.  Innovative, creative and resourceful are important personal attributes.  The Marketing Leader must also have exceptional written skills.  Importantly, the candidate must thrive in fast-paced, rapidly changing environments typical of an early stage, high-growth enterprise.  The individual must be a team player and a hands-on business leader.",Bachelor’s degree or equivalent is preferred.,"Competitive salary WITH stock option packagesHealthcare coverage and insurance options (health, vision, AND dental)Short-term and Long-term Disability Premiums (not every company does this)401(k) programAn allowance for gear you need to be productive (e.g. MacBook Pro, huge monitor)Catered lunches once a weekPaid vacation and flexible working hoursGym membership allowanceCompany sponsored tech talks and happy hoursOpportunity to meet the best advisors and mentors in the industry",0,0,1,Full-time,Director,Bachelor's Degree,Computer Software,Marketing,0
7585,Python Software Engineer,"GB, LND, London",,50000-80000,"Yoyo has built a platform the creates better relationships between retailers and consumers. Our consumer app seamlessly blends payment, loyalty and discovery done right, and our set of retailer tools allows retailers to bring their customers in the door more often with timely and relevant offers.We're a one-year-old marketing and technology startup founded by senior executives from Visa, PayPal and Zopa. We’ve raised over $5 million dollars in funding from institutional investors, strategic investors such as Telefonica, as well as super angel investors from the payment and retail sectors.We're a group of 20 passionate and talented engineers, entrepreneurs, designers and marketers. We're growing and we're looking for amazing people to join our team. Apply to any of the positions below, or if nothing fits your skills, email us at #EMAIL_7ce49be16f9e66439919f1c47a528335d3333bba509ffccb7866380bb8cc171e#.","Learn more about us on AngelList and our website. Also, check out our new video for retailers. If you want to chat about the role, email us at #EMAIL_ccd017a51dd457f3999b046ffe35be4dbf39ad1793de8d7fd35c85cb6f4e5745#. Yoyo is hiring Python software engineers to join our backend-team to work on data and infrastructure. We’re working on some of the following engineering problems (and you can be part of the solutions):implementing real-world applications for machine learningdelivering sub-one-second response times at the point-of-salereducing risk and fraud of payments and transactionsprocessing high volumes of atomic and ordered transactionsmaking sense and organising transactional and purchase datausing hardware to augment the consumer experience--Our service-oriented architecture is built to support real-time, high-availability and high-volume transactions that consistently delivers sub-one-second response times at the point-of-sale. We regularly use bleeding edge, open-source technologies to solve problems and we also actively contribute to open-source initiatives and standards.Working with more than 10 major universities and 15 well-known high-street names, we’re focused on being an agile and collaborative team, without too much process getting in the way. From continuous integration and peer-based code reviews, to internal hack days and regular two-week sprints, we’re always exploring new ways to work.With 30,000 transactions being processed each month and 15% of consumers choosing to pay with Yoyo instead of using cash or payment cards, you can work on real world problems that millions of consumers will use. We own the entire technology stack and give engineers the freedom to decide what technologies and tools to use — and how to implement scalable solutions.Our backend stack includes, but is not limited to: Python, Django, Event messaging and RESTful APIs, Micro-Services Oriented Architecture, PostgreSQL, DynamoDB, RabbitMQ, Celery, Puppet, Fabric, Docker and is hosted on AWS. ","Have 2 to 5 years experienceHave built and maintained real-world productsHave experience creating and a solid understanding of RESTful servicesHave a grasp of the entire web and mobile stackDemand code to be well-tested and believe in the benefits of testingHave worked with Agile development and continuous deployment methodologiesWant to be part of a young, growing and ambitious team","Very competitive salary and equity packagesRelocation support if you’re joining us from abroadChoose your own hardware and software tools within a generous budgetWork in a collaborative, flexible, open-minded and flat organisationWork on challenging real-world problems that you can take ownership ofBuild something today and see it in people’s hands tomorrow",0,1,1,Full-time,Mid-Senior level,Unspecified,Computer Software,Engineering,0
17747,Network Marketing,"US, CA, ",,7200-1380000,,"Are you looking to make anywhere from 600-115,000$ a month? Are you looking to be paid to take vacations? Are you tired of working a 9-5 with no ability to grow in your field. Do you want to be your own boss and set your own schedule of when you work? If you answer yes to any of these than we have the perfect opportunity for you. Our company is based on 3 principles 1.Saving Money 2.Making Money 3.Managing Money. We offer financial soulutions to help you live financially free while making money showing others. We have over 5,800 national brand retailers where we recieve discounts.","An ambition to succeed, A desire to be the best at our field and not be discourage when people turn you down. If you have these qualities than you are perfect for this business","Residual Income, Travel dollars, Car Dollars, the ability to rise in pay grade rapidly as long as you put in the work you will see results",0,0,0,Full-time,Not Applicable,Unspecified,Marketing and Advertising,,1
7663,Data Entry Office Support,"US, MI, Detroit",,,,"We are seeking individuals to be connected with companies who are hiring employees directly to work from their homes. You will find both full-time and part-time opportunities in a variety of career fields including but not limited to: data entry, customer support, billing, typing, and administrative.These positions guarantee wages ranging from $12 per hour up to six figure salary. This includes bonuses, benefits, and flexibility over your work schedule.Legitimate work from home jobs are going to require that you have skills relevant to the position you’re applying for. Training is provided based on the position.",Home Office SuppliesComputer with internet accessQuiet work area away from distractionsMust be able to work independently and get the job done with little guidance.,,1,0,0,,Entry level,Some High School Coursework,,Administrative,1
2267,Data Entry Admin/Clerical Positions - Work From Home,"US, CA, Vallejo",,,,ACCEPTING ONLINE APPLICATIONS ONLYClick Here To Apply This is a Full Time Temporary Position Lasting for 2 yearsDescriptionValidate and review legal contractual agreements for customers Input contract into contract databases All contracts completed &amp; reviewed within per-determined service level agreement Professional e-mail interaction with customers Scanning and uploading of documents QualificationsHigh School Diploma or Equivalent Professional Communication Skills via e-mail interactionDedicated to the needs of the business Project management skills to assist in facilitating multiple contract rejects Detail oriented Able to multi-taskAbility to work with time sensitive documents Must be able to work independently but able to perform in a team environment when needed. Fast and accurate typist ACCEPTING ONLINE APPLICATIONS ONLYClick Here To Apply,,,0,0,0,,,,,,1
5810,Data Intern - Retail & Apparel Analysis,"GB, LND, London",Fashion:Internships,14000-14000,"We build software for fashion retailers, to help them make the right commercial decisions about what to sell, and how to price it. Fashion is the 4th biggest industry in the world, so this is actually a huge problem economically, as well as environmentally for everyone in the world. The Guardian called us one of the 20 hottest London startups, and we're a quickly growing team, with a product used by some of the best retailers in the world, and we're backed by the smartest investors in Europe, the same ones who backed Etsy, Dropbox, ASOS and Net-a-Porter.","About EDITDEDITD’s software is the market leader in real-time analytics of pricing, assortment, and deep product metrics for apparel professionals in merchandising, buying, trading and strategy. We’ve been ranked in the top 10 style innovators worldwide alongside Nike by Fast Company.  We're a quickly growing team, with a product used by some of the best retailers in the world, and we're backed by the smartest investors in Europe, including Index Ventures, who backed Etsy, Dropbox, ASOS and Net-a-Porter.The jobWe're looking for a graduate intern with a good knowledge of fashion and garment terminology, an eye for trends and a good understanding of the retail landscape. Commercial awareness and grasp of the zeitgeist is essential.The candidate should have a high level of attention to detail, be computer literate and have excellent written and verbal communication skills. Ideally, you're the kind of person who people you know would consider to be a fast learner, and you pride yourself on your analytical approach and problem-solving abilities.This is a graduate intern level position, and as we're a growing company it follows that many opportunities will present themselves for you to further your career.  You will have hands on experience with real time market analytics and a deep insight into the market defining and leading EDITD product. You will contribute to the development of our tools, and help maintain parts of them. You will have the opportunity to work with different areas of the company and play an integral role in the data team. The internship will run for 3 months, but in certain circumstances we may be in a position to convert this role into a full-time position, as we have with many former internships. The salary will be around £14,000 per annum.",,,0,1,1,Other,Internship,,Apparel & Fashion,,0
8543,Front-End Developer,"US, NY, Brooklyn",,60000-75000,"H1 Studio is a web and mobile design, branding, and development studio in Brooklyn. H1 Studios has worked with a number of leading companies and growing startups to create unique and engaging digital experiences. Our clients include Heroku, #URL_99ff7d831a962ee44e093fdfff5cdcc0598fa3730cb75323d4621f5c1b9d41b6#, Salesforce Marketing Cloud, Offerpop, ExactTarget, iHeartRadio, Quirky, Rdio, #URL_8f1ad91d455ea280b4af6708ffa9d52b97a23523a54563036e6f53e7d6a8c8ae#, and many more. We believe in design excellence above all else. Our services range from UI/UX for Web and Mobile apps to Design for online home pages and marketing-focused websites. ","H1 Studios is seeking a Front-End Developer to join our small but awesome team.  We are studio located in Brooklyn, New York with a focus on Web, User Interface, and User Experience Design.  We work with some pretty great companies including Heroku, #URL_99ff7d831a962ee44e093fdfff5cdcc0598fa3730cb75323d4621f5c1b9d41b6#, Offerpop, iHeartRadio, Quirky, and Rdio.We're looking for a developer who is passionate about creating beautiful and usable products.  Someone who strives in perfection in the code as much as the finished product.  You will be working closely with our team internally as well as external players.  We are looking for someone who can think several steps ahead and is able to communicate and work towards solutions rather than stall out when issues are encountered.  Most importantly we are looking for someone with a great personality and who is eager to gain experience and grow their skills.  Maybe you’re the right fit for the team?Job ResponsibilitiesDevelopment of Website and Web Application Front-end Architecture and Styling.Accurate time estimates for workActively improving and contributing to the companies development standards and front-end toolbelt.Continued immersion in the latest industry standards, trends, and key issues.Effective communication with team members and clients, with a focus on project requirements, capabilities, and schedule.Lead project meetings related to your workExplore and incorporate new and emerging development trendsAbility to learn new frameworks and coding techniques as part of and in advance of projects that require them.","Ability to write standards-compliant HTMLIntermediate level or higher mastery of CSSFamiliar with LESS and/or SASSDetail-oriented coding practices (syntax, naming conventions, comments, etc…)Ability to develop across browsers and platformsIntermediate level or higher experience with jQueryCapable of using jQuery and/or CSS to creative rich/interactive/animated contentAppreciation for Web Accessibility and how that should translate to code.Experience with Versioning Control (Git, SVN)Appreciation for great designMusic loverDetail-orientedFamiliar with Adobe Photoshop and Illustrator(BONUS) Experience with backend/server-side frameworks (e.g. Wordpress, Code Ignitor, Ember, Angular, etc…) to creative interactive, dynamic, data-driven web-pages and applications.(BONUS) Background in web/app design",Competitive Salary401K with Employer MatchHealth InsuranceDental InsuranceCool office in Williamsburg with amazing rooftop view of ManhattanSmall but fun teamPets welcomeSnacks and amazing coffee dailyPick your Tech Gear,0,1,1,Full-time,Entry level,Unspecified,Design,Engineering,0
352,Digital Product Designer,"AU, NSW, Sydney",,80000-110000,Balanced Labs exists to provide accountants and small businesses everywhere with a better life through intelligent and elegant tools.,"Balanced Labs is a brand new, well-funded company with teams in San Francisco and Sydney. We are creating new tools for modern accountants and the customers they serve. Designing software for web, mobile, tablet, desktop, maybe even your refrigerator if you can make a good argument for it. We have lots of ideas—some of them rather ambitious—and that's where you come in.We're looking for a solid digital product designer to work directly with the VP of Design in Sydney, bashing around ideas to come up with the best damn things we can. From sketching, prototyping concepts, testing with real people, and iterating refined visual designs, you will cover all aspects of designing a new product and working with the team to bring it to market.This is a rare opportunity to start on a product from the very beginning so you'll be able to significantly influence the direction, visual style and outcome.","You'll need to illustrate robust design thinking, and sound interaction and visual design ability. Some understanding of code would be a plus.","We offer great salaries, share options, and a flexible approach to work hours and environment.",0,1,1,Full-time,,,Design,Design,0
17790,customer service rep,"US, CA, sacremento",,,,customer service reps needed asap ,,will explain on phone interview ,0,0,1,,,,,,1
3774,Maintenance - Refrigeration Tech,"US, CA, Modesto",,45000-55000,"With over 30 years of experience in the industry, Mercer Foods has been providing superior quality freeze dried foods and ingredients to clients around the world for two generations. Our dedication to stringent quality control and complete customer satisfaction are the core of our company tradition, allowing us to provide our clients with the best freeze dried foods on the planet.Here at Mercer Foods, you will find ultra-modern facilities, uncompromising quality assurance programs, complete compliance with freeze dried food standards, and innovative technologies that include everything from sustainable energy practices to automated sanitation and allergen removal.Mercer Foods proudly provides a comprehensive list of products and services for our clients around the world. From total menu and ingredient control to fully customized retail packaging services to a global shipping network that delivers your freeze dried foods reliably and consistently, Mercer Foods spares no expense in ensuring your complete satisfaction.In addition, Mercer Foods employs an integrated research and development team that can help you map out a production and delivery schedule tailored to your specific needs. From organic freeze dried fruits and vegetables to specially prepared and packaged bulk freeze dried foods and ingredients, Mercer utilizes innovative technologies and techniques to ensure prompt and accurate delivery of your product.Quality, sustainability, and service have been the hallmarks of Mercer Foods since our inception, and our ongoing commitment to perfecting our freeze drying process has solidified our reputation as a leader in the freeze dried foods industry.Mercer Foods is an equal opportunity employer. We take pride in the diversity of our staff, and seek diversity in our applicants.","Job Title: Maintenance Worker – Refrigeration TechDepartment: MaintenanceReports to: Maintenance SupervisorSchedule: As Posted - Overtime as needed.ESSENTIAL DUTIES AND RESPONSIBILITIES: Responsible for performing highly diversified duties to install, troubleshoot, repair and maintain production and facility equipment according to safety, predictive and productive maintenance systems and processes to support the achievement of the site’s business goals and objectives.Primary duties and responsibilities:Perform highly diversified duties to install and maintain production machines and the plant facility’s equipment.Provide emergency/unscheduled repairs of production equipment during production and performs scheduled maintenance repairs of production equipment during machine service.Perform simple machinist duties and responsibilities.Perform mechanic skills including, but not limited to, mechanical, electrical, pneumatic, hydraulic, troubleshooting and repair of production machines.Read and interpret equipment manuals and work orders to perform required maintenance and service.Diagnose problems, replace or repair parts, test and make adjustments.Perform regular preventive maintenance on machines, equipment and plant facilities.Perform a variety of maintenance functions.Use a variety of hand and power tools, electric meters and material handling equipment in performing duties.Detect faulty operations, defective material and report those and any unusual situations to proper supervision.Comply with safety regulations and maintain clean and orderly work areas.Participate in maintenance and upkeep of refrigeration system.Perform all other duties as assigned or needed.Must be highly motivated and able to work independentlyPerform on-call responsibilities as required.Education, prior work experience and specialized skills and knowledge:  Requires a high school diploma/GED and completion of a craft apprenticeship, or an equivalent number of years of education and production maintenance experience; an AA degree in mechanical, electrical, or industrial maintenance a plus; 4+ years of manufacturing experience; strong hydraulic, pneumatic, mechanical and industrial skills with some ammonia / refrigeration and HVAC.Physical environment/working conditions: The position is a manufacturing setting and could involve sitting, standing, walking and lifting for long periods of time throughout the day. Unrestricted visual and audio abilities are required for the safety of all employees. The ability to lift up to 60 lbs. is required. Equipment and Machinery used: MultipleOther (e.g., customer contact or access to confidential information): Must be able to work as part of a team, in extreme temperatures, and various shifts.",,,0,1,0,Full-time,Associate,Associate Degree,Food Production,Manufacturing,0
11221,M16 9HQ Warehousing Apprenticeship Under NAS 16-24 year olds,"GB, MAN, Old Trafford",,,"Established on the principles that full time education is not for everyone Spectrum Learning is made up of a team of passionate consultants with the drive for putting people who wish to grow themselves through education whilst working into long term and relevant job roles.We also are official re-sellers for The Institute of Recruiters/ Study Course professional courses in HR Practice, In-House Recruitment and Agency RecruitmentIt is our mission to help anyone wishing to pursue an apprenticeship onto the right qualification and into the right job.We work closely with both the candidate and the employer to ensure when the learner is enrolled they are at the start of a long and successful career.We have great relationships with a number of national training providers to ensure we can cover any apprenticeship available.  ","This is fantastic opportunity for someone wanting to start their career in Warehousing.During the first 12 months you will work towards a Level 2 Warehouse NVQ and then be kept on in a permanent position.You will be working for a Distribution company and the role will involve: ·         Assisting fork lift truck drivers with order picking·         Moving pallets using a pump truck·         Wrapping pallets·         Counting stock received·         Palletising stock·         Preparing pallets for despatch·         Unloading cartons from containers·      General house keepingWe are looking for enthusiastic, dedicated individuals to join our warehouse team. Ideal candidates will be interested in working in a warehouse, and eager to learn new skills to develop within this sector.If you are honest and hard working send your CV to #EMAIL_0e92123d11734167533acc44a2e74ffac0b6f56d256225a89769e0641a3d1aee#",Government funding is only available for 16-18 year olds as this job is an apprenticeship. ,Future Prospects,0,1,0,Full-time,Internship,High School or equivalent,Warehousing,,0
13788,Web Developer,"US, IN, bloomington",,,"We run #URL_34e817f2a402b90fa03423a629596c1d7d48cd15c859b303842003275d56829c#, a SaaS form management solution that helps businesses and professionals create online forms, and collect data without the need for technical skills, or IT.We're bootstrapped, profitable, growing rapidly, and hiring employee #10 and beyond!We embrace remote work. Our team is spread across 3 different countries. You're welcome of course to move to Bloomington, Indiana, where the majority of the team is located. It's been named one of the best cities for doing business and perhaps more importantly, is the #7 in the US for best places to bike!We run a lean operation with an impressive roster of customers, so your work will not go unnoticed. Everything you'll work on will make our customers happier and give us a better competitive edge.As so many customers depend on our service, and as our team grows, we also value process-oriented people who can help us make our product even more reliable and easier to maintain.","We’re looking for talented and passionate developers to help improve and expand our web-based application, #URL_34e817f2a402b90fa03423a629596c1d7d48cd15c859b303842003275d56829c#.The ideal candidate can craft code that is robust and easy to maintain, switch between back-end and front-end development, and keep usability and user experience in mind at all times.You’ll work on our LAMP stack, and occasionally on new projects with a clean slate, for which you’ll help pick the best technologies, architecture, and tools.You’ll work autonomously or with the team depending on the project, and will get many opportunities to share, teach, and learn from your coworkers.Your work will get in front of tens of thousands of users and help make data collection easier for a lot of people, from schools enrolling students to large corporations improving their business processes.Position is full-time, in Bloomington, Indiana or remote.",,,1,1,0,Full-time,,,Information Technology and Services,Information Technology,0
4773,Urgently Required J2EE Developer for  Bahrain,"BH, , ",Information Technology ,,,"Greetings from VAM SYSTEMS…..VAM SYSTEMS is a Business Consulting, IT Solutions and Services company with operations in UAE, Qatar, Bahrain, USA, Australia, Singapore &amp; India. We offers a comprehensive list of services in the field of IT infrastructure management, Cloud services, IT Consulting Services, Banking, Management Resources, Information Technology Development, Telecom, Aviation, Retail Management &amp; eGovernment offeringsVAM SYSTEMS is currently looking for J2EE Developer for our Bahrain operations .Education Bachelor’s degree in computer science / IT.J2EE Certification.Terms and conditions: Joining time frame:   immediate (maximum 2 weeks)The selected candidates shall join VAM SYSTEMS – Bahrain and shall be deputed to one of the leading Organizations in Bahrain.Should you be interested in this opportunity, please send your latest resume in MS Word format at the earliest at #EMAIL_b08cf5e4101b4b7b7594fe3081f94f7f9a0f2d6192fb5d4a1a72ecf03c816e83#  or call us +91 #PHONE_df058aa8cbf405b99c6fc6459e7085be12bce0e56bcafe7d52281b99685a4a0f#.  ","Skillset required:2-3 years of J2EE experienceExperience of Requirements GatheringExperience in RDBMS and JDBC, jBOSS, WebSphere, EJB,SOA ,Linux, LDAP, Design Patterns, Methodologies (e.g Agile, Waterfall)Strong support experience in websphere Portal.Should have experience in payment systems.Development in a load-balanced environmentStrong analytical skillsExcellent written and communication skillsResponsibilities: Undertake development work on new and existing applicationsInvolve/support formal analysis of user requirements with regard to new and existing systems, and to provide appropriate design documentationEnsure the developed software is robust and meets the user’s functional requirementsEnsure the developed software has undergone unit and system testing prior to handover to the Testing and Integration TeamInvolve support the estimation, design and impact analysis for the tasks that have been delegated to the team.Involve/support proactively with an environment of closely managed projects, providing regular task updates and supporting project management processes.Design and develop enterprise-scale applications on Java/J2EE Platform in accordance with agreed standards and proceduresSupport and maintain developed applications in line with predefined service levels ",,0,0,1,,,,,,1
6705,Art Teacher,"US, NY, Albany",,,"The Albany Charter School Network is a family of charter schools in the City of Albany that works to prepare children for meaningful future lives – as purposeful, productive, and participatory citizens of New York, the United States, and the world.Our strong and unified movement of charter schools collaborates with parents to provide for all students a vibrant academic environment and dynamic learning experiences that create what we call “Future Life Opportunity” – a pathway to success in college, career, and community life.The Albany Charter School Network and the schools that comprise our community are always looking for highly committed and highly skilled people to come and join us in the exciting and meaningful work of helping create Future Life Opportunity for this generation of students.Please take the time to look at the various open positions on our site. If there is a role for which you think you would be a great match, then we encourage you to learn more about it and submit an application.","Do you have what it takes to cultivate the next generation of “Scientific Artists” – students with both the disciplined expertise and creative imagination to contribute effectively to the betterment of the global society? If so, the Albany Charter School Network may be the place for you! We are looking for an Art Teacher to join our team of professionals committed to helping our students write like Frederick Douglass and reason like Albert Einstein.POSITION SUMMARYAs an Art Teacher, you will work collaboratively with other instructional staff and the instructional leader to champion a high-quality education for each and every student while cultivating success for future life opportunities in college, career, and community. You will participate in both horizontal and vertical planning to ensure every student’s academic needs are met. You will also develop strategies for the design, delivery, modification, and extension of Common Core and New York State Standards-aligned curriculum and instruction, allowing all students to engage in active academic challenge and growth. As you work collaboratively with your peers to foster a thirst for lifelong learning, you will be responsible for your students’ performance and your own personal and professional growth.ABOUT THE NETWORKThe Albany Charter School Network is a family of charter schools in the city of Albany that works to prepare students for meaningful future lives – as purposeful, productive, and participatory citizens of New York, the United States, and the world. Our strong and unified movement of charter schools collaborates with parents to provide all students a vibrant academic environment and dynamic learning experience that create what we call “Future Life Opportunity” – a pathway to success in college, career, and community life.  We create this environment and these experiences with a focus on Choice, Reliability, Quality, and Growth.Choice: Engaged in the challenging and fulfilling work of learning for ourselves, and teaching others how to make informed decisions.  Reliability: Achieving high levels of student performance with low variability in academic and operational delivery within and between schools.Quality: Delivering excellent teaching and learning, and general school operations, through superior execution of research-based practices.Growth: Ensuring personal, academic, and professional growth for the Network community stakeholders and the Albany area as a whole.ART TEACHER JOB DESCRIPTION DETAILSPLAN Works with the instructional leader, school leadership team, and instructional staff to establish a Common Core and New York State Standards-oriented curriculum that engages students in active academic challenge and growth.Cultivates a culture of high-expectations-great-outcomes learning in which students can achieve the highest standards of success.PREPAREDevelops collaborative relationships with colleagues and school leadership to ensure quality teaching and learning for all students.Through professional development, serves as the lead learner while building knowledge and expertise in art. PROCESSEngages in active classroom management to ensure students represent their peers and teachers with excellence.Develops and maintains open communication with parents and families.PREDICTUses predictive analysis to design, deliver, and modify teaching practices to support student growth and learning.Analyzes various student performance assessments, identifies areas of growth, and implements appropriate curriculum and instructional modifications to support student development and advancement. ","Valid New York State Certification in Art, grades K-12.Demonstrated ability to work in a collaborative environment with key stakeholders, including faculty, students, and parents.Mission-driven with a genuine commitment to fostering future life opportunities for all students.Excellent communication skills, both verbal and written.",,0,1,1,Full-time,,Master's Degree,,Education,0
9835,Director of Product Management,"US, CA, San Mateo ",Engineering,,"#URL_ddb080358fa5eecf5a67c649cfb4ffc343c484389f1bbaf2a1cb071e3f2b6e7e# and Aptitude Staffing Solutions have partnered up in an effort to streamline the hiring process and provide a more efficient and effective recruitng model.  Our focus is to help develop and achieve your career goals while makeing a solid geographical, cultural and professional fiit when leveraging your career into your new and exciting professional venture!Please direct all communications throughout this process to the HR department at Aptitude Staffing Solutions#EMAIL_0c020555b4dbc1c1e03d03c46cc181bcfde81bf5b20fea95d1bc7dc64c79814c#Darren Lawson | VP of Recruiting | #EMAIL_f4da338e899ddba983ac771b001681d1d2d93b3327ddc420a15f4e5a310071a9# | #PHONE_90d33c9d7ec1484aebfe37b153d677decc6f5f53b316489ed24061544c04eb66#","Director, Product Management | San Mateo, CASan Mateo, CA, United States Seeking a talented and experienced Director of Product Management to lead the design of key components of an advanced platform for video advertising. Great for a senior product leader who thrives off chalenges, builds industry-changing products, and can lead a team. The product team is a small group of smart, creative, and disciplined professionals that are eager to master challenging projects and respond well to mentorship and are accustomed to operating under a lean startup environment and practice lean software development. We labor over every product prioritization decision, and we believe in building minimal viable products. Build, measure and learn!Job Responsibilities:Build expertise of the current structure and dynamics of the digital video advertising industry, and develop a point of view about market trends and emerging opportunities.Meet frequently with customers, potential customers, and partners - to develop a deep understanding of their current business processes and product needs.Develop a comprehensive vision and roadmap for product, or suite of products. Build alignment among internal and external stakeholders around this vision. Set aggressive goals for execution, and chart progress.Lead your team of product managers to develop designs that address needs and requirements expressed by internal and external customers. Designs should be simple, minimal, extensible, consistent with existing functionality, and easy to use.  Work with UX designers and engineers to continuously deliver new functionality, in a way that is seamlessly integrated into robust infrastructure and a beautiful user interface.Attract, hire, inspire, and grow a team of superstar product managers.  ","Job Requirements:Must be able to demonstrate and/or describe a substantial software product that you built personally, either on the job or as a personal project, demonstrating your ability to envision, define, and execute independently.5-10 years working as product manager, including 2+ years as a senior product lead on a large-scale web application or enterprise software product with front and back-end processes.Deep knowledge of user experience principles, and experience applying them to build usable user experiencesDeep knowledge of application design principles, including object modeling, extensibility, SOA, etc., and experience applying them to build complex software applicationsProven and continued success collaborating with cross-functional groups including corporate management, engineering, client services, enterprise customers, and direct sales teams.Exceptional and demonstrable problem-solving and design capabilities.Experience with online advertising preferred, but not required.Strong technical aptitude: BS or MS in technical field from top university. Computer science degree preferred.MBA welcomed but not required.","Our core values drive our culture. This is what we believe: Why #URL_ddb080358fa5eecf5a67c649cfb4ffc343c484389f1bbaf2a1cb071e3f2b6e7e#? Watch our culture video to learn more.MAKE OUR CUSTOMERS SUCCESSFUL Our customers' success is ours. We live to solve their problems, improve their futures, and exceed their expectations. When our customers win, we win.SET THE BAR HIGH. We're trying to revolutionize an industry, so we can't be just good—we have to be the best. That means striving for the best team, product, and company on the planet.BE ACCOUNTABLE. We own our work. We keep our promises. And we always follow through. We take responsibility for failures, and humble bows for successes. There's no time for excuses and finger pointing.SHOW INTEGRITY. Forget loopholes, back doors, and shades of gray. We just say it. We are honest and straightforward with everyone. The only way we can bring clarity to a chaotic world is to walk-the-walk ourselves.MAKE EACH OTHER BETTER. Everything we achieve, we achieve together. Nobody is too important to grab a broom.ALWAYS MOVE FORWARD. We see the world as it could be, not just as it is. With our passion for finding new solutions to old problems, we're creating that new world. It's a future worth adapting to.The Benefits Generous paid time off to help you maintain a good work-life balanceFully catered lunches available everyday to all employees at the corporate officeOffices fully stocked with snacks and refreshments to keep you energized and productiveExtensive employee benefits and perks to show how much we value your effortsFun team events, company events, employee sponsored events, employee recognition awards, and more!                                                               ",0,1,1,Full-time,Director,Master's Degree,Marketing and Advertising,Engineering,1
2023,Operational Database Administrator ,"GR, I, Athens",Engineering,,"Upstream’s mission is to revolutionise the way companies market to consumers through cutting edge technology. This is an opportunity to collaborate with like-minded people in an environment that embraces individual differences and diversity.We offer a challenging and stimulating environment in which employees have the opportunity to work on a vast range of complex projects at the forefront of technical innovation. We are looking for creative, enthusiastic and open-minded individuals to join our innovative team to help both drive our success and uphold our existing reputation within the marketing technology world.What we believeOur values of integrity, perseverance, innovation and respect are at the heart of our company. Our actions are underpinned by these four values, which have become central to Upstream, providing all of our employees with a clear framework from which to make their decisions.1. Integrity &amp; TrustYou are widely trusted and seen as a direct and truthful individual. You present the unvarnished truth in an appropriate and helpful manner, keeping confidences and admitting mistakes without misrepresenting themselves for personal gain.2. PerseveranceYou pursue work and life with energy, drive and a need to finish; you seldom give up before finishing, especially in the face of resistance or setbacks.3. InnovationYou have good judgement about which creative ideas and suggestions will work and a sense about managing the creative process of others. You have the ability to facilitate effective brainstorming and project how potential ideas may play out in the marketplace.4. RespectYou invest time in peers and demonstrates value and reverence for others when due, encouraging co-workers to express opinions and ideas. You promote equality within the workplace, encouraging praise and recognition from employee to employee as well as from the superiors. Professional Development at UpstreamUpstream offers a variety of resources and a range of opportunities to inspire the best possible performance from our employees. Our vast range of departments and global activities provide a strong platform for career development and professional progression. We boast various methods of progression within the company; whether through an upward advancement within a chosen field, expansion across departments or relocation to another office, creating the opportunity to gain both valuable experience and further insight into the international workings of the business. At Upstream, employees have the opportunity to learn new skills, work across different disciplines and global departments and move into new challenges, all within the same company.","The Operational Database Administrator is responsible to configure, monitor and maintain multiple relational databases in development, staging and production environments.  In addition to day-to-day administration, the DBA  supports the development and operations teams, cooperates with the Business Analysts to deliver standard and custom reports, and has a key role in data migration projects.The position is based in Athens. Key AccountabilitiesProvide operational support for production databasesPerform database archiving, backup, restore and recovery proceduresConduct performance analysis and tuningResolve performance degradation incidents and database outagesRecommend and implement tools for the automated monitoring of multiple production database environmentsMaintain and improve various reporting tools and proceduresMonitor current DB capacity and estimate future resource needsDesign, develop, and implement database jobs and scripts as neededProvide support for developers, testers, and other users interacting with various databases in the environment "," Knowledge, Skills and ExperienceDegree in Computer Science / Engineering or similar disciplineMinimum 4 years experience in Information TechnologyDatabase administration experience in PostgresExperience with procedural SQL and SQL tuningWorking knowledge of a scripting language such as Perl/Ruby or Unix shellBasic Linux administration skillsMust be available to respond to incidents outside of core working hoursFluency in oral and written EnglishPersonal Characteristics Strong analytical thinking and problem solving skillsProactive thinking and acting to prevent future problemsWillingness to work with new technologiesExcellent communication skills and team-oriented work ethicsAbility to work well under pressure with track record of meeting deadlines in challenging situationsDependable, reliable, with clear thinking and attention to detailFlexible work style to get the job done without compromising quality standards","Salary &amp; BenefitsWe offer a competitive base salary and benefits, directly dependent on the candidate’s qualifications and skills. By joining Upstream you will be part of a young, creative and dynamic company undergoing rapid growth and transformation into a global market leader. ",0,1,1,,,,,,0
11629,Sales Professional- SMB (Full-Time),"US, MD, Baltimore",Sales and Research,21600-31200,"Making Mobile Device Management Clear is Clearmark Technologies mission.  Our team is made up of bright people who thrive on using technology to make a difference. We're friendly, ethical, and check our egos at the door. Most importantly, we want to grow together through support and mentorship. We offer a competitive salary package, benefits, paid time off, and a technology allowance. ","- Maintain a high level of Clearmark solution expertise and competitive intelligence- Guide team members to identify decision makers amongst the targeted leads in order to initiate the sales process.- Provide compelling product demos via the phone along-side the dedicated Account Executive; emphasizing service features and benefits, discussing contract terms, quoting prices, and preparing sales orders- Work with individual Account Executives to develop sales plans in order to maximize revenues- Ensure that accurate and complete information is submitted in CRM- Provide regular updates to management regarding opportunities, trends and challenges- Lead sales team to meet and/or exceed monthly and quarterly quota objectives- Support Recruitment and Human Resource functions including: interviewing, hiring, and termination recommendations- Collaborate with Corporate Sales Trainer on employee development- Establish and maintain department procedures; provide feedback, make suggestions to management- Act as first line of contact for management involvement on high-profile issues- Maintain effective communication across key departments and senior leadership team- Represent yourself and Clearmark in a highly professional manner",Job Requirements High School Diploma or GEDPass Drug ScreenClean Criminal History CheckOptional 6-12 months of sales experience  ,401kHealth InsurancePaid Time OffVacation TimeBonus ,0,1,0,Full-time,Entry level,High School or equivalent,Computer & Network Security,Sales,1
14113,Senior Data Scientist,"GB, LND, London",Engineering,,"As a growing and successful startup, Conversocial is a great place to work for ambitious individuals.We build a market leading social customer service solution, and we need even more great people to help us push that position even further. You’ll get the opportunity to work in an exciting new market, where we’re helping companies to understand the solution to their problems and are changing the way they interact with consumers.We have a trusting, hands-off management style, which is suited for people that are self-motivated.Our employees have the opportunity for independence and responsibility over their own projects, but we provide all the support and training they need to get there and to develop their careers.At Conversocial we like to balance work and play.We eat lunch together everyday (a company perk) and all enjoy a Friday treat of cake and few drinks. Our close-knit team is very sociable, which makes the Conversocial office a relaxed, fun and supportive working environment.","Conversocial builds software that helps companies deliver customer service on social media platforms. If you tweet one of our customers we pull that in and provide tools to make it easy for one of their customer service agents to reply to you on Twitter. These tools range from workflow through to analytics through to machine learning to prioritise issues over general chatter.As a data scientist you will be responsible for all of its machine learning features. This includes undertaking new projects to drive the business further, make even more use of our data as well as building on top of the existing models to make them even better.What We Care AboutAt Conversocial we care about doing things right without overengineering them. We have a huge bias towards incremental improvement - a 10% improvement this week is better than a 20% improvement in a month's time.We encourage learning at Conversocial. Everyone on the engineering team gets an annual conference allowance. There is a lunchtime presentation every week (alternating between technical and non-technical) - participation isn't mandatory but is encouraged!Conversocial relies on a lot of open source technologies, where possible we submit fixes and improvements back to the open source projects that we use. We also try to open source our own technologies when it makes sense to do so.Techniques, Tools and TechnologyConversocial's core platform is built using Python, MySQL and MongoDB. We try to use the best tools for the job without cutting ourselves too much on the bleeding edge. We strongly encourage best practices such as using the correct metric for the problem.About Data Science at ConversocialThe data scientist is part of the engineering team and is expected to write production ready code. For this fluency in python is preferred. Any other language will be accepted with the willingness to learn python.Experience with open source machine learning libraries e.g. scikit-learn, NLTK is highly desirable. This could have been used through academic research, side projects or data science competitions.Conversocial has large data sets of textual data so experience with natural language processing will be a plus. Predictive modelling experience is presumed.At conversocial there is an opportunity to have a large impact. You can work with other teams in the company and start new projects with them. Being creative is also a nice trait as you could completely change the way problems are tackled. Knowledge sharing is also appreciated and there will be opportunities to mentor others.",Good working knowledge of Python or similar languageKnowledge of common machine learning techniquesA focus on text-based machine learning problemsAbility to realise when big data isn't bigAbility to work in a tight-knit team,Salary of £40-55k plus stock options£2k annual conference allowanceLunch bought by the company every dayRelaxed and enjoyable environment to work in,0,1,0,,,,,Engineering,0
17618,Office Assistant III,"US, FL, jacksonville",,2000-3000,,"Essential DutiesGreets callers and visitors, directs them to the proper source and answers questions; sometimes deals with difficult situationsOpens, sorts, distributes mail, correspondence, copies or other materialsProofreads figures, forms, letters and/or reports for accuracyAttends work dailyIs engaged and on taskPerforms related work as assigned",Minimum QualificationsA high school graduate or equivalent (business school or some college preferred).  Leadership qualities and communication skills are necessary.  Ability to use computers in a broad range of applications such as but not limited to the following: Word Processing;Spreadsheet Data Entry and Spreadsheet Design;Database Maintenance;Internet Search Engines.,"All candidates are eligible for benefits including but not limited to: Medical, Dental, Vision, and 401k.",0,0,0,Full-time,Mid-Senior level,Bachelor's Degree,Telecommunications,Administrative,1
16488,Chief Financial Officer,"EG, C, Cairo, Nasr City",Management,300000-450000,"Thanks for visiting our Job Board. Please review our open positions and apply to the positions that match your qualifications.Cequens is a global cloud communication carrier with customers in over 40 countries, specialized in advanced Mobile Messaging Services all over the world. Its activities include providing MT (Mobile Terminate) and MO (Mobile Originate) connectivity for large SMS clients and aggregators ranging from enterprises to multi-nationals and public sector organizations, supplying high quality SMS solutions for business use, the company is a licensed SMS aggregator in Egypt and Saudi Arabia and maintain branches in those countries.Vision To be the number one, most successful messaging company in the markets we serve.Mission""To Unleash the World's Power to Communicate""Our Core valuesInnovationExcellenceTeamworkFlexibilitySecuritySustainabilityCequens Team                                                            We believe in choosing the best calibers and assisting them in continuing to develop their potential and qualifications. A good working environment, the right motivation and great teamwork is the way we use to successfully achieve our goals.","Role SummaryResponsible for overseeing and directing the organization's financial goals, objectives, and budgets. Meets with the Board and other company executives to develop financial goals and budgets.Main duties and responsibilitiesAssist in performing all tasks necessary to achieve the organization's mission and help execute staff succession and growth plans.Work with the President/CEO on the strategic vision including fostering and cultivating stakeholder relationships on city, state, and national levels, as well as assisting in the development and negotiation of contracts.Participate in developing new business, specifically: assist the CEO and COO in identifying new funding opportunities, the drafting of prospective programmatic budgets, and determining cost effectiveness of prospective service delivery.Ensure adequate controls are installed and that substantiating documentation is approved and available such that all purchases may pass independent and governmental audits.Provide the COO with an operating budget. Work with the COO to ensure programmatic success through cost analysis support, and compliance with all contractual and programmatic requirements.Oversee the coordination of all fiscal reporting activities for the organization.Attend Board and Subcommittee meetings; including being the lead staff on the Audit/Finance Committee.Ensure adequate cash flow to meet the organization's needs.Investigate cost-effective benefit plans and other fringe benefits which the organization may offer employees and potential employees with the goal of attracting and retaining qualified individuals.Oversee the production of monthly reports including reconciliations with funders and pension plan requirements, as well as financial statements and cash flow projections for use by Executive management.Oversee Accounts Payable and Accounts Receivable and ensure a disaster recovery plan is in place.Oversee the maintenance of the inventory of all fixed assets, including assets purchased with government funds.",12+ years relevant experience. Master’s degree is a plus.CMA and CPA or equivalent degree.,"Attractive pay packageMobile allowanceTransportation allowancePersonal loansFlexible hoursMedical insuranceSocial insurancePaid vacationsSocial activitiesTraining &amp; developmentTuition assistanceProfit ShareCequens Team                                                     We believe in choosing the best calibers and assisting them in continuing to develop their potential and qualifications. A good working environment, the right motivation and great teamwork is the way we use to successfully achieve our goals.About usWe are a leading technology corporation that specializes in mobile messaging services and solutions. Serving hundreds of renowned customers in more than 40 countries worldwide, please visit our website #URL_414f2c0c30d37b5a8db0880b6d51f6b9b08fc03a22553f0d0a568b2687dc8e3e# to know more about us.  ",0,1,0,Full-time,Executive,Master's Degree,Telecommunications,Management,0
172,System Administrator,"GB, CMD, London",Technology,30000-35000,"The Technical Team and offering at VML London has a very strong heritage dating back to the mid-nineties when the London office was founded. Back in those days we were one of the first few purely digital marketing agencies in London; and back then things were a lot more technically driven than they often are today; as such the Technology team here continues to enjoy a strong strategic influence on the work that the agency undertakes and the clients that we engage.It just works.Technology is brilliant when you don’t have to think about it. That’s what we strive for in our solutions. Our technology team has a strong strategic influence on the work we undertake and are involved as soon as the brief lands. They stay involved throughout strategy, creative concepting and design. Acting as important enablers, we bring new and emerging technology to the table to successfully marry the requirements of our clients with the vision of our creatives.Open standards, open minds.We aim to deliver the most elegant technical solution for your budget, and maintain a technology agnostic approach to development in order to achieve that. Technology can be expensive, both in terms of hard costs and costly mistakes, so we’re as careful with your money as we are with our own.   Perhaps that’s why some of our clients have been with us for over 10 years. When faced with a new problem our first instinct is always to see if someone else has already solved it. As such, the solutions we design are built on the rich eco-system of open source software (OSS); the proven and battle-tested kind that we know will not just do the job quickly and cost-effectively, but also robustly. Where OSS isn't appropriate we always favour solutions that are built to open standards that we know will integrate well with other technologies.Strong partnerships.Our work is complemented by strong partnerships with technology vendors and suppliers.   Proven over time, our established strategic relationships with many of the leaders in software, hardware and other technology solutions help ensure we’re able to continue to offer best-in-class technical solutions for our clients.What we do:High availability and high performance website architecture &amp; developmentWeb content management solutionsCreative technology ideationContent optimisation, search and analyticsHigh volume, multi-locale email campaignsMobile optimisationLocalisation","The role of the SAs is a vital role in the running of the platforms VML manage! We have a number of clients’ sites that require SA skills and maintenance as well as numerous internal machines/sites that need to be looked after.We are looking for a passionate SA to join the team to bring TLC to the platforms, to make them feel warm, loved and cared for and to keep them happy and running! As well as build new platforms and tools, support in-house development platforms and provide advice and knowledge about OS/DBA/hardware where needed. Role summary:What does the role of the SA entail for us…. Well:a)     Building new environment for clients, be it on the cloud platforms (Azure or AWS) or on bare-metalb)     Maintaining current sites (live and development) which are running Ubuntu, RHEL(4,5 and 6), Windows (not in live), with MySQL, Java, Tomcat, Apache webserver, NGnix, etc.. configurationsc)      Returning sites/machines to working state when they have crashes/had an outaged)     Pro-active maintenance and support to minimize outagese)     Building and configuring new support tools/platforms (e.g. JIRA, Confluence, Hudson etc..) as and when required.f)      Supporting and providing ideas and solutions for the Technical team for OS/DB issues (e.g. suggested infrastructures) etc..","Detailed knowledge of the Linux OS (RHEL ideally, with Ubuntu knowledge)DBA skills in MySQL (e.g. backups, restores, configurations), other DBs acceptableWebserver configuration (Apache and NGnix)Knowledge of Java based application systems (Tomcat ideal, JBoss and others acceptable)Knowledge of scripting (shell/php/sed/awk/etc..)Willingness to support out of hours and be on call if requiredAWS/Azure/Bare-metal builds.Hudson/Jenkins/Automated build and deploy tools (installation and maintenance)Source Control (SVN/GIT) installation and maintenanceGood written and verbal skills Useful extra knowledge and skills:Experience with CMS systems (CQ)Programming knowledge (Java ideal)Virtualization (e.g. HyperV)Windows server support and IIS knowledgePostgres DBA skillsKnowledge of Vagrant, Maven, PuppetLDAPSambaKey responsibilities:Maintaining and supporting live sites/machinesMaintaining and supporting development sites/machinesDeployments of code to multiple environments.Pro-active maintenanceTrouble-shooting and diagnosing issuesBuilding new environments.Taking the lead – proposing solutions, not expecting them to be given to you!Writing (where applicable) P1/2 reports. Challenges of the roleCoping with multiple, sometimes overlapping work streams – including P1 outagesBleeding edge technology changes Communicating with major stakeholders (TD, MD, CFO, Ops Dir etc..)Proposing technical OS/DB solutions for platforms and sites as required.Making sure the live sites *never* go down!!! ",,0,1,0,Full-time,Associate,Vocational,Marketing and Advertising,Information Technology,0
14805,New Product Development Project Leader - Full Time Permanent Job,"US, GA, Atlanta",,,"We Provide Full Time Permanent Positions for many medium to large US companies. We are interested in finding/recruiting high quality candidates in IT, Engineering, Manufacturing and other highly technical and non-technical jobs.",Coordination and project management of New Product Development projects:Act as team leader and perform project management duties on New Product Development projects by leading cross functional teams through a defined and gated NPD process.,"Location - Atlanta, GA, USAJob Type – PermanentJob Requirements &amp; Responsibilities –SPECIFIC RESPONSIBILITIESCoordination and project management of New Product Development projects:Act as team leader and perform project management duties on New Product Development projects by leading cross functional teams through a defined and gated NPD process.Lead cross functional teams through the development of a project timeline and maintain it throughout the life of the project. Periodically present the status of the project to management.Facilitate and coordinate project activities to minimize project timelines.Assign to alternate members find alternative resources or personally complete project tasks for team members who are absent or unable to complete tasks per the timeline.Develop and manage the project budget with the team including development expense capital tooling and expense tooling.Guide the team to develop new products that meet cost targets. Primarily responsible for creating preliminary product cost estimates in conjunction with engineering. Primarily responsible for the accuracy of preliminary cost estimates and final costing of products.Define roles &amp; responsibilities for team members in undefined processes when new processes are created or unique instances occur.Manage the collection of project data for NPD process gate exits and release for shipment documents.Facilitate team meetings and record meeting minutes.Connect members to appropriate personnel including manufacturing test labs legal etc.Drive the team manufacturing personnel and supply chain towards on time completion of the pilot build and inventory build.EDUCATION AND EXPERIENCE REQUIREMENTSBachelor of Science degree in Engineering (or other applicable four year degree) and a minimum of eight years of experience in project management product design process engineering or manufacturing engineering. Alternately fifteen years of experience and proven ability in related field or work environment. Experience in managing projects working in cross-functional team environment and/or functioning as project team leader required. Strong organizational and communication skills required.Visit  : #URL_ec64af2b4fe2ca316e828f93b0cd098c22f8beba98dcac09d4dd7384b221a5e8#-#URL_9753a54b28303bf636a2816399b9c255d76fabb791336a4c748da2611a23264f#",,0,0,0,Full-time,Mid-Senior level,Bachelor's Degree,Management Consulting,Management,0
10965,Customer Service Team Lead ,"US, FL, Miami",,,"Novitex Enterprise Solutions, formerly Pitney Bowes Management Services, delivers innovative document and communications management solutions that help companies around the world drive business process efficiencies, increase productivity, reduce costs and improve customer satisfaction. For almost 30 years, clients have turned to us to integrate and optimize their enterprise-wide business processes to empower employees, increase productivity and maximize results. As a trusted partner, we continually focus on delivering secure, technology-enabled document and communications solutions that improve our clients' work processes, enhance their customer interactions and drive growth.","We are currently seeking a Customer Service Team Lead. The right candidate will be an integral part of our talented team, supporting our continued growth. This position will be located in our Miami, FL location.Responsibilities include, but are not limited to:Coordinate work for Customer Service AssociatesRun mail meter equipmentHandle time-off requests and day-to-day processes of the teamHelp resolve employee and customer concerns/issuesAdministrative services/processing large volume reports using excel and assisting manager with quarterly business reviewsLift large bundles of mail and make mail deliveriesProvide S&amp;R dutiesHandle time-sensitive materialPerform duties and special requests as assigned by    managementBalance workload; provide guidance and direction to team; serve as focal point for communication with customer and company personnelEnsure operating and quality standards are met based on service objectivesMaintain accuracy of required reports, logs and measurementsEnsure the highest levels of customer careEnsure adherence to business guidelines, safety &amp; security proceduresResponsible for all aspects of equipment; make appropriate equipment recommendationsProvide constructive feedback and recognition to teamSupport financial results by minimizing site waste and rework ","Required Qualifications:Experience coordinating/deploying work to employees requiredMinimum of 1-year customer service related experience requiredMinimum of 1 year of professional office experience requiredPost office, Mail or previous Shipping/Receiving experience requiredComputer proficiency in email environments, MS Word/Excel Ability to resolve employee and customer concerns/issuesAbility to communicate both verbally and written with customers and company personnelHigh school diploma or equivalent (GED)Ability to effectively work individually or in a team environmentAbility to handle multiple projects simultaneouslyStrong organizational and administrative skills requiredAbility to meet employer's attendance policyHeavy Lifting up to 55lbsAbility to adhere and administer companies policies and proceduresStanding for long periods of timeSignificant walkingWillingness to work overtime if neededWillingness to submit to a pre-employment drug screen and criminal background check ",,0,1,0,Full-time,Entry level,High School or equivalent,Consumer Services,Customer Service,0
17792,Data Entry Admin/Clerical Positions - Work From Home,"US, NE, Omaha",,,,ACCEPTING ONLINE APPLICATIONS ONLYClick Here To Apply This is a Full Time Temporary Position Lasting for 2 yearsDescriptionValidate and review legal contractual agreements for customers Input contract into contract databases All contracts completed &amp; reviewed within per-determined service level agreement Professional e-mail interaction with customers Scanning and uploading of documents QualificationsHigh School Diploma or Equivalent Professional Communication Skills via e-mail interactionDedicated to the needs of the business Project management skills to assist in facilitating multiple contract rejects Detail oriented Able to multi-taskAbility to work with time sensitive documents Must be able to work independently but able to perform in a team environment when needed. Fast and accurate typist ACCEPTING ONLINE APPLICATIONS ONLYClick Here To Apply,,,0,0,0,,,,,,1
3169,Junior Web Marketing Specialist,"GR, I, Ilion",Web Marketing και Social,,"Η Atnet Communications A.E. είναι μια αμιγώς ελληνική εταιρία η οποία δραστηριοποιείται στο χώρο του interactive marketing και της επικοινωνίας. Είμαστε ένα σύνολο εξειδικευμένων επαγγελματιών με διαφορετικό γνωστικό υπόβαθρο που μας ενώνει ένας κοινός στόχος. Να δημιουργούμε, μέσα από τη σύνθεση των απόψεων, έργα που ξεχωρίζουν και μας γεμίζουν με ικανοποίηση.","Η Atnet Communications αναζητά Junior Web Marketing Specialist για να ενταχθεί στο Web Marketing και Social Department της.Ο υποψήφιος θα είναι υπεύθυνος για το στήσιμο, την επίβλεψη και την διαχείριση καμπανιών των πελατών της Atnet στο Google AdWords, το Facebook και σε άλλα μέσα.Επίσης, θα συμμετέχει στην υλοποίηση ενεργειών email marketing και επικοινωνίας στα Social media.Ο υποψήφιος, είναι επιθυμητό να είναι εξοικειωμένος με τις τακτικές του Search Engine Optimization (SEO) και γενικότερα με τα εργαλεία της Google.","Απαιτούμενα προσόντα:Hands-on εμπειρία στην διαχείριση Adwords accountsΕξοικείωση με το  Google AnalyticsΕξοικείωση με Facebook AdsMS Excel, PowerPoint, AccessΕπιθυμητά προσόντα:Πιστοποίηση Google AdwordsΕμπειρία σε Search Engine OptimizationΠτυχίο σε Marketing ή Πληροφορική",H θέση αφορά μόνιμη απασχόληση στην περιοχή του Ιλίου. Οι αποδοχές θα διαμορφωθούν ανάλογα με τα προσόντα και την εμπειρία του κάθε υποψηφίου,0,1,1,Full-time,Entry level,,Marketing and Advertising,Marketing,0
17684,Assistant Accountant/immediate start,"AU, NSW, Sydney",,25000-30000,,"Our organisation is seeking students / graduates with a finance, business or commerce related degree qualifications. We want to hear from you if you are seeking experience in genuine, professional environments. We have several exceptional positions available for immediate start. You will be degree qualified or partially through your degree with good attention to detail as well as good communication skills. You will also have strong organisational skills, a willingness to learn coupled with exceptional numerical skills. Position: You will ultimately be responsible for supporting the accounting team in general finance admin responsibilities. This will include high volume data entry that will require phenomenal attention to detail and strong Excel skills. You will be responsible for working proactively to investigate and resolve queries with internal stakeholders.",Requirements: You must have commenced either your CA or CPA studies Excellent communication and interpersonal skills are essential Exposure to purchase ledger reporting &amp; a demonstrable understanding of basic accounting principlesLarge ERP system exposure is definitely advantageousComputer literateAbility to work under pressure and meet deadlinesHigh level attention to detail including strong numeracy skillsA mature and logical approachProblem solving skills,"If you are interested, please send your resume in word fomat only.",0,0,0,Part-time,,,Accounting,Accounting/Auditing,1
16986,Drupal Developer interested in Node.js,"US, CO, ",,,,"Project Ricochet has its hands in a lot of cool stuff. We are a design and development firm with a focus on PHP and #URL_968b3a839b798052f33a95a811f8b2366cd66f6bcc98f2885bea5ee47d000659#. Currently a large percentage of our work is in Drupal, but when we look to the future of the web, it’s in slick Javascript frameworks that bring the web alive and make it feel more and more like a native app. We are in need of another developer to join our solid team and we’re taking our time to ensure that the candidate is the right fit. The ideal candidate is an experienced Drupal engineer who’s savvy in front-end and back-end aspects of Drupal (including theming, jQuery, &amp; compiled css), has played around with #URL_968b3a839b798052f33a95a811f8b2366cd66f6bcc98f2885bea5ee47d000659# and/or #URL_9078e8368d89dcdbf1ed26064be556e5b47144133bf647a7deaa954f8ec0bdb4# - and has been looking for an opportunity to work with it more. We offer competitive pay and a competitive bonus program based on your billable time.Challenges of the JobYou will be asked to learn constantly. Although support will be provided by our team, you need to research solutions and read documentation to find solutions on your own.You must have the ability to multi-task and switch gears to work on multiple projects in any given day.You must use our software to track your time and log your progress throughout the day.You must be a fast, efficient and high quality worker.You must complete projects on budget (which you help set) and are expected to be billable at least 35 hours per week (in line with an industry standard 90%), extra billable hours or an advancement / increase of your billable rate will result in hourly bonuses paid quarterly.CompensationYou’ll be able to regularly work from home (although office time is important too - especially to start).Gain experience in a wide range of technologies and programming processes to acquire the competencies needed to be a rock solid software developer.Grow professionally and (most likely) personally in this role.Regular 40 hour work week (overtime may be required from time to time but it is rare) and respectful, fun and relaxed work environment. We want you to have a good work/life balance and we also want to support you in any side projects you may be involved in.Opportunities to be involved in entrepreneurial offshoots from products we develop internally.Competitive salary commensurate with experienceBonuses for extra billable hours allow you to easily make more than your salary, whenever you want.Great opportunities for rapid advancement and sharing in our success.For full time employees: Healthcare, Major Holidays and Paid Vacation.","Qualities of the Ideal CandidateSolid capabilities in PHP (OOP and MVC Principles), HTML/CSS, Javascript (JQuery, #URL_968b3a839b798052f33a95a811f8b2366cd66f6bcc98f2885bea5ee47d000659# or Meteor) and AJAX. Linux admin capabilities is a huge plus. As is knowing Drupal.3-5 years of experience with advanced Drupal developmentIs comfortable with (and able to slang) your mom jokes.Computer Science degree or comparable solid knowledge and real world programming experience is a plus.Humble, honest, hungry and smart.Organized, systematic, and logical.Good verbal and written communication skills.Ability to work in a team and grow from constructive feedback.Has contributed to at least one Open Source project.","You’ll be able to regularly work from home (although office time is important too - especially to start).Gain experience in a wide range of technologies and programming processes to acquire the competencies needed to be a rock solid software developer.Grow professionally and (most likely) personally in this role.Regular 40 hour work week (overtime may be required from time to time but it is rare) and respectful, fun and relaxed work environment. We want you to have a good work/life balance and we also want to support you in any side projects you may be involved in.Opportunities to be involved in entrepreneurial offshoots from products we develop internally.",1,1,0,Full-time,,Bachelor's Degree,Information Technology and Services,Information Technology,0
5231,SEM Coordinator,"GR, I, Athens",,,"#URL_c379aa631173ed5b7c345ab3f500a9a053e509138ca70e52c1088e5a784dc8d7# is a modern online travel agency that was founded in Athens in 2005. Today, our company is one of the leading online travel agencies in Greece with presence in over 25 countries in Europe, Asia and America; offices in Athens, Bucharest and Sao Paulo.","The right candidate will be responsible for coordinating one of the most dynamic PPC accounts in travel industry. She/he will be responsible for planning, developing, deploying and reporting of SEM campaigns and will be in close contact with the company’s Management and Account Manager from Google.  Furthermore he/she will be responsible for the oversight of the monthly budgets of the campaigns and monitoring of the company’s KPIs (Key Performance Indicators) and other performance metrics.The SEM Coordinator should have experience in working with large PPC accounts in the travel industry from various markets, in several languages. Qualified candidates have also knowledge of various internet marketing channels, search engines, statistical analysis and general marketing principles.Responsibilities:-        Manage, analyze and optimize international Google AdWords/Yandex/Bing campaigns.-        Develop and implement PPC strategies in the search and display network.-        Research and analyze keywords and advertisements.-        Present PPC reports according to Management requests.-        Bid management strategy: cost per conversion and cost per click.-        Keep updated on the latest trends in the search marketing industry.-        Coordinate a team of 3-5 people in 2 offices. ","-       Previous experience of minimum 3 years in SEM with at least 1 year in management position, preferably managing international teams.-       Strong knowledge of Google AdWords, Yandex and Bing will be considered a plus.-       Individually Qualified in Google AdWords. Yandex and Bing qualified will be considered a plus.-       Strong communication skills both verbal and written.-       Strong analytical skills and strategic thinking.-       Very good knowledge of English and an additional European language. Russian will be considered a plus. ","-       Attractive Remuneration Package.-       Work in an international, dynamic and fun atmosphere among young and smart people.-       Huge learning experience in using best practices and cutting-edge technologies.-       Challenging engineering projects in an interesting and complex travel industry.",0,1,1,Full-time,,,,,0
7466,Operating Room Director  ,"US, MA, salem",medical,,,"Apply using below link#URL_0243c9ffa14e848cbe0f7ddece5deea7c4633fb782960f66e5240a57b802e9aa#The Operating Room Director is responsible for directing the operations of the Operating Rooms and Sterile Processing functions to achieve excellent care for the surgical patient. This person is accountable for strategic planning, implementation, staffing, development of policies and procedures, evaluation of effectiveness of plans through quality, service, and financial performance analysis. Serves as liaison to medical staff leadership to achieve strategic growth initiatives and attainment of patient safety and quality goals. Supervises managers and support staff of the peri-operative areas and assures excellent working relationships and team-building within the areas and with key stakeholders in other service and business areas.",,,0,0,1,Full-time,,,Hospital & Health Care,,1
7788,English Teacher Abroad,"US, CT, Storrs",,,We help teachers get safe &amp; secure jobs abroad :),"Play with kids, get paid for it Love travel? Jobs in Asia$1,500+ USD monthly ($200 Cost of living)Housing provided (Private/Furnished)Airfare ReimbursedExcellent for student loans/credit cardsGabriel Adkins : #URL_ed9094c60184b8a4975333957f05be37e69d3cdb68decc9dd9a4242733cfd7f7##URL_75db76d58f7994c7db24e8998c2fc953ab9a20ea9ac948b217693963f78d2e6b#12 month contract : Apply today ",University degree required. TEFL / TESOL / CELTA or teaching experience preferred but not necessaryCanada/US passport holders only,See job description,0,1,1,Contract,,Bachelor's Degree,Education Management,,0
10962,Lead Software Engineer - Web,"US, WA, Seattle",Engineering,,"Aptitude Staffing Solutions has redesigned the recruiting wheel. Our innovative new platform cuts the recruiting time in half, yields scientifically-proven results and clients and candidates enjoy a pleasant experience through advanced, simple to use technology and a tenured, industry-experienced recruiting team. Join us in a fresh new experience of leveraging your career...the way it should be! All represented candidates enjoy the following perks:Expert negotiations, maximizing total compensation package Signing bonus by Aptitude Staffing in addition to client signing bonus (if applicable)1 Year access to AnyPerkRelocation Services for out of town candidatesContinued education in your area of profession, seminars, workshops and other skill development events Contract employees receive quarterly bonuses for the duration of their project Direct-Hire employees receive double bonues ($2,000) per referred/recruited candidate into their newly appointed companyAll candidates are encouraged to participate in our Referral Bonus Program &amp; earn $500 - $1,000 per hired referral            ","Do you want to help improve the lives of farmers and help protect our country’s food supply? Are you motivated by solving hard problems with real-world impact?  We are looking for experienced leads to help build our next generation products and services and to guide and mentor our current team of talented engineers. Responsibilities:    * Creativity and passion for developing high quality code.   * Strong interest in taking ownership of the entire development process      from development, through testing and deployment.   * Interest and confidence in learning and working with new      technologies.   * A passion for mentoring and developing both junior and experienced      Software Engineers.   * Able to provide direct, constructive feedback on the fly to your peers      and team.   * A desire for a collaborative development process and both learning      from and teaching your teammates.   * The ability to dive deep into a problem, avoiding common pitfalls, and      never being afraid to ask for help.   * A desire to work on hard problems. Skills:   * Expert understanding of web technologies and web application      architectures.   * 2 years+ experience directly managing 3 or more Junior - Senior      Software Engineers.   * Strong organizational and communication skills.   * 6 years or greater working proficiency in Ruby and/or Java.   * Experience with relational databases (e.g., MySQL, PostgreSQL).   * Experience using Git or other distributed version control software.","  Creativity and passion for developing high quality code.   Strong interest in taking ownership of the entire development process      from development, through testing and deployment.   Interest and confidence in learning and working with new      technologies.   A passion for mentoring and developing both junior and experienced      Software Engineers.   Able to provide direct, constructive feedback on the fly to your peers      and team.   A desire for a collaborative development process and both learning      from and teaching your teammates.   The ability to dive deep into a problem, avoiding common pitfalls, and      never being afraid to ask for help.   A desire to work on hard problems.Bonus:   Experience with AWS or similar distributed architecture.   Experience with NoSQL databases (e.g., Couchbase).   Experience working full-stack with MVC/MVP frameworks like      #URL_5543aa46fe37875fcc9e8b278ee02d4a18479d6d208cad289401987349eea211# and #URL_24af608067894e12e6fea7409bc304eab8b081f9a997620340783e8eb5641189#.   A passion for data visualization.","Perks:   * A ground floor opportunity as part of a driven, talented team that      aims to make a large-scale impact through innovative use of our      technology platform.   * We sponsor meetups, networking events, and conference trips to help      support your personal and professional development.   * Fully-stocked kitchen and kegerator, with lunch and dinner served      daily.   * Engage with our customers first-hand by taking trips out to the field.   * Competitive compensation.   * Medical, dental, and vision insurance. ",0,1,1,Full-time,Mid-Senior level,Bachelor's Degree,Environmental Services,Engineering,1
4623,Regional Sales Manager,"US, IL, Chicago",,,"We Provide Full Time Permanent Positions for many medium to large US companies. We are interested in finding/recruiting high quality candidates in IT, Engineering, Manufacturing and other highly technical and non-technical jobs.","(We have more than 1500+ Job openings in our website and some of them are relevant to this job. Feel free to search it in the website and apply directly. Just Click the “Apply Now” and you will redirect to our main website where you can search for the other jobs.)#URL_94f805e93a6fa859cd8540e9767e187e295d764a384221d77f8880142b6416b7#-#URL_dbdb917780b325918ec611d0f47d6a0dff5ee871b96bc71180616d0d0570925b#Our client is a leader in the field of digital throttle controls as well as AC, DC and Eddy Current testing components. Additional options for these products include: test control, automation, data acquisition and cell safety interfaces. Located in the local Milwaukee area this opportunity is with a growing, well established manufacturer that offers an excellent career opportunity to personally contribute in the growth of a small rapidly growing manufacturing company.Job Duties:Guide and assist customers in choosing the appropriate equipment for their applicationsPrepare quotes, proposals and bidsCoordinate communications between customer and our engineering and manufacturing departmentsMeet with customers on a regular basis; travel to territory one week per month, or as needed.",,,0,0,0,Full-time,,,Marketing and Advertising,,0
11433,Account Executive (B2B SaaS),"US, CA, San Francisco",Sales,,"Do you want to help people be more successful at work? Then consider Jhana, a feisty little startup that pursues this goal every day.Here’s why our team loves working here:Our mission matters. Weak, poorly trained managers can really hurt companies and make life worse for the people on their teams. It’s rewarding to help managers do better — and, by extension, the companies they work for and the people they work with. Learn more about what we do.We like working with one another. It’s fun to collaborate with interesting, supportive, driven people. Learn more about our team.We’re building a sustainable company — together. We’re not one of those flash-in-the-pan startups. We want Jhana to grow responsibly over the long term, and the whole team has a say in how that happens. Learn more about our values.We  offer a competitive compensation package, health/dental/vision benefits, equity, and a learning budget.","About JhanaJhana is an online training startup on a mission to help people be more successful at work. We focus on one of the biggest factors driving job satisfaction: people’s relationships with their managers. Under good managers, teams and companies thrive. Under bad managers, teams and companies implode. That’s why we built the first online learning resource for tech companies to help new managers master one of the toughest jobs out there.HR leaders at companies like Facebook, Orbitz, Eventbrite, Groupon, Marketo and #URL_ad81be50f07523d973076e5fd370e1751cac7ac4984df500e9c8a222efaa0fa4# rely on Jhana to help them grow faster, perform better, and reduce employee turnover. We're growing rapidly, we have happy, renewing customers, and we're building a strong, sustainable SaaS company.About the jobAs Jhana’s third Account Executive (AE) you’ll be a key member of the sales team.  You will have a voice and ability to impact the company growth and direction.You should be a self-driven Account Executive who will thrive in evangelizing the Jhana solution to mid-market technology companies. Ideally you’ll be creative, adaptable and excited about helping others and building a company from the early days. As an Account Executive, you’ll acquire new customers, collaborate with the SDR team to ensure a full sales pipeline, provide input to the product team and help improve our overall sales process.The Account Executive will report to the CEO and Co-Founder, a unique opportunity to get in on the ground floor. You’ll play a key role in building our sales engine through high-touch inside sales.Responsibilities include:Meet quarterly and annual revenue goals by landing and expanding. Target VPs of HR, Directors of Learning &amp; Development and HR Managers.Run the full sales cycle: prospect, qualify, demo, trial, land and expand. You'll get some leads from marketing and our SDR team.Improve and iterate on our sales strategies and process.","2+ years closing with a similar inside sales process: multi-step B2B; multiple-decision makers; primarily outboundHistory of success and beating quotasHighly drivenComfortable in a startupVery customer-focused and very high integrityValues fit –– #URL_a52cd409c815192d5ef42425e7485ff3309ef971117f855e278d6549af9b7bb1#Benefit to your career:Coming to Jhana will be an accelerator for your sales career and development. You’ll have a front-row view on how to scale a sales organization and build a sales strategy for a high-touch, multi-level process. Plus, you’ll get to work with some fantastic, innovative tech companies in the process.",Competitive salary and uncapped commissions; generous stock options; medical/dental/vision benefits; great co-workers; big opportunity for personal and professional growth; budget for learning.,0,1,1,Full-time,Mid-Senior level,Bachelor's Degree,E-Learning,Sales,0
